Sample.number,AceticAcid,Creatinine,Succinate,Acetaminophen,CitraconicAcid,L-Glycine,BenzoicAcid,L-Phenylalanine,L-Methionine,GlycolicAcid,L-GlutamicAcid,2-AminoAdipicAcid,3-PhosphoglycericAcid,L-Proline,KynurenicAcid,L-Arginine,D-Sorbitol,L-Ornithine,MandelicAcid,GlutaricAcid,Xylitol,Phenethylamine,L-Glutamine,3-PhenylPropionicAcid,Malonate,Propionate,L-Tyrosine,Threitol,L-Serine,L-Citrulline,trans-4-Hydroxy-L-Proline,L-Alanine,D-Mannose,Azelaic Acid,3-Hydroxybutyrate,2-MethylglutaricAcid,L-Tryptophane,L-Lysine,Spermidine,Butyrate,GABA,L-Arabitol,Galactitol,Dihydroxyacetone-phosphate,Dimethylamine,L-Anserine,Cytosine,Retinal,5-AminoValericAcid,PropyleneGlycol,Acetoacetate,2-Propanol,PhenylglyoxylicAcid,N-AcetylneuraminicAcid,L-Isoleucine,UrocanicAcid,4-HydroxyphenylAceticAcid,LinoleicAcid,N-Acetyl-L-AsparticAcid,MethylmalonicAcid,L-Valine,OleicAcid,HomovanillicAcid,IsovalericAcid,alpha-HydroxyisobutyricAcid,Acetone,O-Acetyl-L-Carnitine,PhosphoglycolicAcid,Dihydrothymine,D-Galactosamine,ThreonicAcid,IsocitricAcid,Ethanolamine,Putrescine,Lactose,Glycerol,Taurine,AscorbicAcid,PyroglutamicAcid,Indoxylsulfate,"1,3-Diaminopropane",L-Carnosine,Levoglucosan,Myo-Inositol,1-Methylhydantoin,NADP,Trimethylamine,4-EthylPhenol,TMAO,CholineChloride,Lactate,D-GluconicAcid,Creatine,Citrate,D-Fructose,Hypotaurine,D-Fucose,3-Methylxanthine,L-Cysteine,PimelicAcid,L-Aspartate,QuinolinicAcid,L-Arabinose,L-Histidine,D-Glucosamine,L-Threonine,Valerate,Beta-Alanine,gamma-LinolenicAcid,GlutaconicAcid,HippuricAcid,trans-FerulicAcid,3-MethyladipicAcid,Trigonelline,L-Glutathione-oxidized,VanillicAcid,Sarcosine,Glycerophosphocholine,SyringicAcid,Canthaxanthin,Coenzyme-Q10,D-GalacturonicAcid,L-Rhamnose,DehydroAscorbicAcid,D-GlucuronicAcid,GlycericAcid,SaccaricAcid,Glycogen,MalicAcid,L-Glutathione-reduced,2-Deoxycytidine,AdipicAcid,2-Deoxyguanosine,L-Leucine,Methanol,Methylguanidine,1-Methyl-L-Histidine,Dimethylsulfone,3-Methyl-L-Histidine,GuanidinoaceticAcid,L-Cystine,LevulinicAcid,GTP,2-Oxoglutarate,Betaine,Formate,2-PhosphoglycericAcid,D-Maltose,UDPG,StearicAcid,dAMP,Phosphocholine,N-Acetylglycine,Biliverdin,D-Xylose,D-Glucose-6-Phosphate,DocosahexaenoicAcid,NicotinuricAcid,S-Acetamidomethylcysteine,L-Asparagine,D-Glucose,Trans-AcotinicAcid,beta-HydroxyisovalericAcid,Uracil,D-Ribose,UMP,Methylamine,Dimethylglycine,L-Carnitine,EthylmalonicAcid,UTP,2-HydroxyphenylAceticAcid,4-AminoHippuricAcid,PantothenicAcid,beta-Carotene,7-Methylxanthine,TartaricAcid,2-PicolinicAcid,NAD,D-Galactose,3-HydroxyphenylAceticAcid,UDP,"D-Ribulose-1,5-bisphosphate",Chlorophyll-a,Phosphoenolpyruvate,Pyrocatechol,Uridine,Pyruvic-Acid,Cadaverine,SebacicAcid,GMP,2-Oxobutyrate
Sample_5001,0.02001794,0.0147784,0.00644675,0.00504063,0.00440624,0.00435295,0.00350866,0.00350419,0.00340758,0.00256217,0.00245865,0.00239786,0.0022069,0.00200079,0.00182899,0.00182888,0.00181678,0.00158725,0.00152052,0.00143121,0.00136491,0.00134264,0.00132734,0.00132697,0.00128716,0.00122652,0.00118602,0.00116438,0.00112308,0.00097149,0.00095923,0.00094256,0.00092019,0.00089893,0.00086823,0.00086664,0.0008323,0.00082093,0.00081815,0.00079295,0.00075789,0.00068989,0.00067619,0.00065372,0.0006279,0.00058589,0.00058076,0.00056203,0.00052516,0.00050621,0.00049512,0.000452,0.00043693,0.00035771,0.00035311,0.00033165,0.00033108,0.00032628,0.00030292,0.0002433,0.00021664,0.00020596,0.00019227,0.00018684,0.00017148,0.00013587,9.59E-05,0,0,0,0,0,0,0,0,0,0,0,0,0,0,0,0,0,0,0,0,0,0,0,0,0,0,0,0,0,0,0,0,0,0,0,0,0,0,0,0,0,0,0,0,0,0,0,0,0,0,0,0,0,0,0,0,0,0,0,0,0,0,0,0,0,0,0,0,0,0,0,0,0,0,0,0,0,0,0,0,0,0,0,0,0,0,0,0,0,0,0,0,0,0,0,0,0,0,0,0,0,0,0,0,0,0,0,0,0,0,0,0,0,0,0,0,0,0,0,0,0,0,0,0,0
Sample_5002,0.00151215,0.03128126,0,0,0,0,0.0030524,0.00073341,0,0.00095525,0.00143992,0.00076799,0,0.00268441,0,0.0013359,0,0.00131409,0,0,0.0019614,0.00091342,0,0.00056148,0.00263046,0.00050013,0,0.00099423,0,0.00146822,0,0,0,0,0.00040947,0,0,0,0,0,0.00067622,0.00191785,0.00050561,0.00035396,0.00058356,0,0,0.00021919,0.00092163,0.00053106,0.00023245,0.00140124,0,0.00043911,0,0,0.00035967,0,0.00032077,0.00022553,0,0,0.00020094,0,0.00017229,0,0,0.00922778,0.00260751,0.00204716,0.00171516,0.00152492,0.00141263,0.00139763,0.00135634,0.00109224,0.00109056,0.00106251,0.00101102,0.0008025,0.00079176,0.0007796,0.00073337,0.00064238,0.0005142,0.00040869,0.00040224,0.0003772,0.00034808,0.00014572,0,0,0,0,0,0,0,0,0,0,0,0,0,0,0,0,0,0,0,0,0,0,0,0,0,0,0,0,0,0,0,0,0,0,0,0,0,0,0,0,0,0,0,0,0,0,0,0,0,0,0,0,0,0,0,0,0,0,0,0,0,0,0,0,0,0,0,0,0,0,0,0,0,0,0,0,0,0,0,0,0,0,0,0,0,0,0,0,0,0,0,0,0,0,0,0,0,0,0,0,0,0
Sample_5003,0.0034921,0.00479252,0,0,0,0.0009653,0,0,0,0,0,0,0,0,0,0.00222725,0.00171204,0,0,0,0.00165363,0,0,0,0,0,0,0.00081791,0,0,0,0.00064827,0,0,0.00932327,0.00052634,0,0,0,0,0,0.00586962,0.00330226,0,0.00020511,0,0,0,0,0.00039456,0,0.01574152,0,0,0,0,0,0,0,0,0,0.00029736,0,0,0.00018325,0,0,0.00724428,0.00956014,0,0,0,0,0,0.00056121,0,0.00135675,0,0,0,0,0,0.0017039,0,0,0,0,0.00144221,0.00053999,0,0.01604283,0.00187003,0.00185543,0.00098036,0.00072895,0.00071258,0.00069219,0.00032942,0,0,0,0,0,0,0,0,0,0,0,0,0,0,0,0,0,0,0,0,0,0,0,0,0,0,0,0,0,0,0,0,0,0,0,0,0,0,0,0,0,0,0,0,0,0,0,0,0,0,0,0,0,0,0,0,0,0,0,0,0,0,0,0,0,0,0,0,0,0,0,0,0,0,0,0,0,0,0,0,0,0,0,0,0,0,0,0,0,0,0,0,0,0
Sample_5004,0,0.02691817,0,0.0023497,0,0,0.00138275,0.00173116,0,0,0.0033761,0.0024195,0.00198018,0.00230063,0,0.0012165,0.00097472,0.00175943,0.00042537,0.00051774,0.00085057,0.00078084,0,0.00144312,0,0.00036059,0.0004791,0.00209074,0,0,0.00100683,0,0.00125508,0,0.00069564,0.00052846,0.00050541,0,0,0,0.00064073,0,0.00030188,0.00046314,0.00072005,0.00032277,0,0.00022655,0,0.00030704,0.00039588,0.00042285,0,0.00024906,0.00031228,0.0004559,0.0005123,0,0,0,0,0.00039678,0.00025256,0,0,0,0.00014044,0.0116819,0,0,0.00134562,0,0.00125712,0.00095836,0.00084787,0,0,0,0,0.00160026,0,0.00049767,0,0.0013908,0,0,0,0.00062316,0.00112437,9.93E-05,0,0,0,0,0,0,0.00053735,0,0.00190275,0.00114155,0.0010477,0.00089714,0.0007994,0.00076369,0.00074846,0.00059751,0.00055696,0.00050111,0.00048519,0.00048436,0.00048318,0.00048111,0.00047788,0.00043332,0.00039157,0.00031104,0.00022871,0.00020208,0.00019244,6.76E-05,3.16E-05,0,0,0,0,0,0,0,0,0,0,0,0,0,0,0,0,0,0,0,0,0,0,0,0,0,0,0,0,0,0,0,0,0,0,0,0,0,0,0,0,0,0,0,0,0,0,0,0,0,0,0,0,0,0,0,0,0,0,0,0,0,0,0,0,0,0,0,0,0,0,0
Sample_5005,0,0.02356845,0,0.0003341,0,0.00102667,0.00059576,0.00089576,0,0,0.0023819,0.00128486,0.00128141,0.00203436,0,0.00244489,0,0.00231376,0,0,0.00103933,0.00098084,0,0.00049055,0,0,0,0.00102441,0.00173766,0.00175169,0.00094013,0.00066324,0,0,0,0,0.00052283,0,0.00073565,0,0,0.00082744,0,0.00033268,0.00083322,0,0,0.00030728,0.00054802,0,0.00019795,0.00022764,0,0,0.00025619,0,0.00072394,0.00041383,0.00037645,0,0,0.00038334,0,0,0.00017689,0,0.00014174,0,0,0,0.00186412,0.00173103,0,0.00050492,0.00184401,0,0.00167389,0,0.00120031,0.00073433,0.00104212,0.00077694,0,0,0,0,0,0,0.00123814,0.00024527,0,0.00071984,0.00230063,0.00050708,0.00113153,0.00092401,0.0010725,0,0,0,0.00124234,0,0.00169269,0,0,0.00062627,0,0.00089804,0,0,0.00210443,0,0,0,0,0,0,0,0,4.55E-05,7.47E-05,0.00278191,0.00156448,0.0015358,0.00152008,0.00138212,0.00124902,0.00110622,0.00073529,0.00073449,0.00064924,0.00059331,0.00050168,0.00031865,0.00031752,0.00031733,0.00031558,0.00018135,0.00017549,0,0,0,0,0,0,0,0,0,0,0,0,0,0,0,0,0,0,0,0,0,0,0,0,0,0,0,0,0,0,0,0,0,0,0,0,0,0,0,0,0,0,0,0,0,0,0,0,0,0,0,0,0
Sample_5006,0.00655605,0.0203325,0,0,0,0.00310814,0.00069038,0.00059736,0,0,0.00206398,0.00114643,0.00197227,0.00219824,0,0.00200544,0.00094787,0,0,0,0.00175948,0.00048015,0.0020054,0.00041404,0,0,0,0.00152764,0.00375831,0.00166702,0,0.00083964,0,0.00059318,0,0,0,0.00109366,0.00057192,0,0.00041571,0,0.00034569,0.00033628,0.00068266,0,0,0.00025124,0.00056152,0.00041566,0,0.00056331,0,0.00034502,0.00029405,0,0.00040246,0.00032235,0.00035001,0.00041532,0,0,0,0,0.00023941,0.00011648,0.00022703,0.00459834,0.00142001,0,0.00209779,0.00125899,0.00077039,0,0.00150947,0.00062005,0.00142645,0.00063101,0,0,0.0006717,0,0,0,0,0,0,0,0.00054386,0.00014668,0.00226653,0,0.00249431,0,0.00105905,0,0,0,0,0,0,0,0.00182853,0,0,0.00144658,0.00049913,0,0,0,0.00095997,0,0,0,0,0,0,0,0,0,5.63E-05,0,0.00175418,0,0,0,0,0,0,0,0,0.00043876,0,0,0.00039686,0.00026128,0,0.00012618,0,0.00187976,0.00107919,0.00101055,0.00077344,0.0005135,0.00029833,0,0,0,0,0,0,0,0,0,0,0,0,0,0,0,0,0,0,0,0,0,0,0,0,0,0,0,0,0,0,0,0,0,0,0,0,0,0,0,0,0,0,0,0,0,0,0
Sample_5007,0.00278422,0.03025949,0.00033596,0,0,0,0.00298753,0,0,0,0.00137362,0.00192974,0.00226003,0.00249826,0.00062235,0.00149343,0,0,0,0,0.00130512,0.00075576,0,0.00073675,0,0,0.00027025,0.00071421,0.00179019,0.00183001,0.0008266,0,0,0,0,0,0.0007985,0,0.0010543,0,0.00049722,0.00106452,0.00042295,0.000336,0.00086328,0.00082793,0,0.00012958,0.00071105,0.0004095,0,0.00038642,0,0,0.00031613,0,0.00046899,0.00045613,0,0.00045144,0,0.00034669,0,0.00018975,0.00020243,0.00014314,9.68E-05,0.00687208,0.00089524,0.00216695,0.00203983,0.00219092,0,0.00052511,0.00165252,0.0009247,0,0,0.00111091,0.00059175,0.0013481,0.00049564,0.00077753,0,0.00031496,0,0,0,0.00162766,0.00034795,0,0,0.00097612,0.00207252,0,0.00148076,0.00088421,0,0,0,0.00101508,0,0.00201746,0,0.00116149,0,0,0.00170681,0,0.00066067,0.00088417,0,0,0.00044058,0.00052869,0,0,0,0,9.72E-05,6.37E-05,0,0.00168568,0,0.00096902,0.00137146,0,0.00082221,0.00148273,0,0,0.00068323,0,0.00024874,0.0002761,0.00032105,0,0.00023494,0,0,0.00098658,0.0003776,0,0.00060175,0,0.00164858,0.00118611,0.00076413,0.00054076,0.00053364,0.00043183,0.00042184,0.0004078,0.00033958,0,0,0,0,0,0,0,0,0,0,0,0,0,0,0,0,0,0,0,0,0,0,0,0,0,0,0,0,0,0,0,0,0,0,0,0,0,0
Sample_5008,0.00312026,0.03690769,0.00068822,0,0.00077345,0,0.00300934,0,0,0,0.00159198,0.00150696,0,0.0015695,0.00076368,0.00078334,0,0.00205104,0,0,0.00130373,0.0007941,0,0.00042786,0,0,0,0.00144501,0,0.00136113,0,0,0,0,0.00057168,0,0.00072919,0,0.00085751,0,0,0,0,0.00053465,0.00125723,0.00041819,0,0,0,0,0.00018843,0.00036521,0,0.00027991,0.00024297,0.00048027,0,0,0.00032344,0.00035145,0,0.00041468,0,0,0.00018193,0.00011454,9.77E-05,0.00675987,0,0,0.00101669,0.00208468,0,0.00093049,0.00192911,0,0.00126686,0,0.00161552,0.0009282,0.00133709,0.0023411,0,0.00090484,0.00034189,0,0,0,0.00224097,0.00011554,0,0,0,0.00229208,0.00091258,0.00195798,0.00091161,0,0.00332629,0,0.00260146,0,0.00207329,0,0.00076912,0.00089812,0,0.0023305,0,0.00182995,0,0.00032748,0,0,0.00049094,0,0,0.00039229,0,5.53E-05,6.26E-05,0.00274601,0.00172259,0,0,0,0.00157917,0.00092554,0,0,0,0.0005334,0.00052268,0,0,0.00031735,0,0.0003126,0,0,0.0005853,0,0.00070064,0,0.00042581,0.00078688,0,0.00075342,0,0.00052822,0,8.04E-05,0.00037602,0.00049012,0.00130347,0.0011057,0,0,0,0,0,0,0,0,0,0,0,0,0,0,0,0,0,0,0,0,0,0,0,0,0,0,0,0,0,0,0,0,0,0,0,0
Sample_5009,0.01177577,0.01513793,0.0005608,0,0.00113499,0.00283395,0.00173519,0,0,0,0,0.00084158,0,0.00131404,0,0.00196716,0,0,0,0,0,0,0.00148898,0.00051398,0.00105966,0,0.00049986,0.00249974,0,0.00151315,0,0,0.00122138,0,0,0,0.00100437,0,0,0,0,0,0,0,0.00064528,0,0,0,0,0.0020383,0,0.00029787,0,0,0,0,0,0,0,0,0,0.0001843,0.0007827,0,0.00017199,0,0.00010637,0.00616611,0,0.00181373,0.00092119,0,0,0,0,0,0.00342737,0.00062903,0,0,0.0011303,0,0.00081716,0,0,0,0,0,0.00137303,0,0,0,0.00388017,0,0,0,0.00057481,0,0,0,0,0,0.00132128,0.00099372,0.00086374,0,0,0,0,0.00073142,0.00032936,0.00030744,0,0,0,0,0,0,0,4.73E-05,0,0,0,0,0,0,0,0.0012995,0,0,0,0,0,0,0,0,0,0.00020265,0,0.00144456,0.00064438,0,0,0,0.00018165,0.00154099,0,0,0,0,0.00039223,0,0,0,0,0,0.00026609,0,0,0,0,0,0,0,0,0,0,0,0,0,0,0,0,0,0,0,0,0,0,0,0,0,0,0,0,0,0,0,0,0,0,0
Sample_5010,0.0101846,0.02316394,0,0.0017483,0,0.0076214,0.00254278,0.00056257,0,0,0.00097002,0.00095142,0.00201376,0.00168466,0,0.00202287,0.0009777,0.00121243,0,0.00095421,0.00063961,0.00134028,0.00148896,0.00070396,0.00114094,0,0.00055157,0.00171295,0.00464762,0.00207604,0.00126894,0.00115335,0,0,0,0.00045932,0.00093556,0,0,0,0,0,0.00063784,0.00037197,0.00078155,0.0005521,0,0,0.00051882,0.00026986,0,0.00029871,0.00044397,0.00033562,0.00027376,0.00040384,0.00055622,0.00040143,0,0,0,0.00048652,0.00032061,0,0.00021413,0,8.13E-05,0.00612245,0.00079444,0,0.00191473,0.00086335,0.00074603,0,0.00148897,0.00081721,0.00057187,0.00096444,0.00151452,0,0.00118734,0,0,0.00048109,0,0,0,0,0.0042144,0.00029025,0,0,0.00134086,0,0,0,0.00084109,0,0.00195705,0,0,0,0.00108631,0,0.00082298,0.00213648,0.00044256,0.00042561,0,0,0.00169834,0.00024332,0,0.000625,0,0,0,0,0,5.45E-05,5.24E-05,0,0.00157728,0,0,0.00133707,0,0,0,0,0.00052619,0,0.00035046,0,0.00035544,0.00030168,0,0,0,0,0.00096699,0.00041698,0,0,0,0.00107606,0,0,0,0,0,0.00013064,0,0.0004317,0,0.00098163,0,0.00073038,0.00037635,0,0,0,0,0,0,0,0,0,0,0,0,0,0,0,0,0,0,0,0,0,0,0,0,0,0,0,0,0,0,0,0,0
Sample_5011,0.00029578,0.02771594,0,0.00073124,0,0.00260809,0,0.00090557,0,0.00093472,0.00217203,0.00145622,0.00213939,0.00177919,0,0.00420873,0,0,0,0,0.00100594,0.00110169,0.00114749,0.00063337,0.00102209,0,0.00037954,0.00133043,0.00125316,0.00136333,0.00071868,0.00157808,0,0,0,0.00053654,0.00050495,0,0.00088679,0,0.00064603,0.0008939,0,0,0.00074474,0,0,0.00015038,0.00053851,0,0,0.00028855,0,0,0.00035108,0,0.00080067,0.00021046,0.00030608,0.00083543,0,0,0,0,0.00027272,0,0.00019475,0.00418209,0.00057487,0,0.00218721,0.00335492,0.00062967,0,0.00157357,0,0.00100579,0,0.00177864,0.00055829,0,0.00107233,0.00079727,0,0,0,0,0,0.00067352,0.00057234,0.00086601,0.00083583,0.0038224,0.00218558,0,0.0014152,0,0,0,0,0.00253862,0,0.00185561,0,0,0.00105519,0,0.00143613,0,0,0.00160732,0,0,0.0003258,0.00052174,0,0,0,0,0,7.21E-05,0.00298602,0,0,0,0.00109264,0,0.00102509,0.00294369,0,0.00066729,0.00059281,0.00038473,0.00036067,0,0,0,0.00018156,0,0,0.00062254,0,0,0.001,0,0.00082017,0,0,0,0,0,0.00049531,0,0,0,0,0,0,0.00037512,0.00180836,0.00103518,0.00062389,0.00041204,0,0,0,0,0,0,0,0,0,0,0,0,0,0,0,0,0,0,0,0,0,0,0,0,0,0,0,0,0
Sample_5012,0,0.0189582,0,0.00128019,0,0.00169192,0,0.00074302,0,0,0.00125729,0.00118052,0.00291983,0.00174546,0,0.00170268,0,0.00167693,0,0,0.00080493,0.00125596,0,0.00059706,0.00066002,0,0.00032203,0.00165045,0.00399904,0.0016513,0.00112576,0.00098473,0,0,0.0002466,0,0.00051296,0,0.00095953,0,0,0,0,0.00044662,0.00062439,0.00037978,0,0,0.00053722,0.00039861,0,0,0.00053846,0.00025224,0.00023847,0,0,0.00042966,0.00031563,0.00043185,0,0.00031595,0,0,0.00014551,0,0.00017661,0,0.0023609,0,0.00079971,0.00186588,0,0,0.00175681,0,0.00164381,0,0.0015756,0,0.00057405,0.000668,0.00069083,0,0,0,0,0.00075882,0.00057882,0.0005562,0,0,0.00259931,0.000713,0.00137796,0,0.00062599,0,0,0,0.00156304,0,0.00216158,0.00075532,0.00098149,0.00078274,0,0.00100646,0,0,0.00581419,0,0,0.00061794,0,0,0,0,0,0,4.39E-05,0.00303625,0.00136651,0,0,0.00155518,0,0.00148735,0.0010679,0.00065628,0.00066532,0.00070598,0.00042733,0.00027622,0.00027143,0,0.0002193,0,0.00024584,0,0.00077382,0,0,0,0,0.00124396,0,0,0,0,0,0,0,0.00032861,0,0,0,0,0,0,0,0,0,0.00288924,0.00160524,0.000894,0.00027802,0,0,0,0,0,0,0,0,0,0,0,0,0,0,0,0,0,0,0,0,0,0,0,0,0
Sample_5013,0,0.02392368,0,0.00099776,0,0.0019842,0,0.00092927,0,0.00137508,0.0034804,0.00250169,0.00234587,0.00194021,0,0.00224676,0.00068857,0.00210739,0,0,0.00138397,0.00123441,0.00159837,0.0008007,0,0,0.00082751,0.00196232,0,0.00140557,0.00083389,0.00112675,0,0,0,0,0,0,0,0,0.00078268,0,0,0.00046573,0.00076325,0.00055814,0,0.00027857,0.00050312,0.00027643,0.00035794,0,0,0,0.00033889,0,0.00117149,0.00028684,0.00043294,0.00031631,0.00030717,0.00046125,0.00026341,0,0.00015443,0,0.00048337,0,0,0,0.00132434,0.00278999,0.00079723,0,0.00153033,0.00082923,0.00112362,0,0.00183442,0.00171947,0.0010734,0,0.00083742,0,0,0,0,0.00068951,0.00089114,0,0,0.00103287,0.00318046,0.00106157,0,0.00116607,0.00105186,0,0,0,0.00208664,0,0.00213455,0,0.00105098,0.00059865,0,0.00127539,0,0.00097025,0.00073058,0,0.00049421,0.00046943,0,0,0.0002142,0,0,7.69E-05,7.10E-05,0.00222887,0.00186055,0,0.00117718,0,0,0.00135137,0.00156144,0.00057137,0,0.00058714,0,0.00030916,0,0.00022444,0,0.00023923,0,0,0.00096126,0.00042741,0,0.00066045,0,0.00088188,0,0,0,0.00049166,0,0,0,0.00042014,0,0.00141584,0,0,0,0,0.00196682,0,0,0,0,0.00060177,0,0.00016811,0,0,0,0,0,0,0,0,0,0,0,0,0,0,0,0,0,0,0,0,0,0,0,0
Sample_5014,0,0.02618912,0,0,0,0.00182744,0,0.0008909,0,0.00124104,0.00242326,0.00133115,0.00136365,0.00214144,0,0.00352473,0,0.0012263,0,0,0.00112859,0.00087741,0.00113764,0.00060055,0,0,0.00042182,0.00097353,0.00152862,0.00166356,0,0.00108492,0,0,0,0,0.00068554,0,0.00073749,0,0,0,0.0005446,0.00029482,0.00091786,0.00058934,0,0.00025378,0.00062651,0,0.0001695,0,0,0.00031378,0.00030441,0,0.00069127,0.0003345,0.00034916,0.00048179,0,0.00029931,0,0,0.00029255,0,0.0003204,0,0,0,0.00084472,0.0021479,0.00075551,0,0.00123477,0,0.00197735,0,0.00122149,0.00067224,0.00075931,0,0.00049134,0,0,0,0,0,0.00119731,0.00018763,0,0,0.00187446,0.00090116,0.00134002,0,0.00078727,0,0,0,0.00162895,0,0.00088455,0,0,0.00046568,0,0.00104115,0,0,0.00148115,0,0.00051426,0,0.00049408,0,0,0,0,0,6.39E-05,0.00294518,0.00112059,0,0.0012066,0.00210906,0.00073514,0.00109346,0.00098419,0,0.00084123,0.00057568,0,0.00024636,0,0,0,0.00012309,0,0,0.00059046,0,0.00053239,0,0.00031346,0,0,0.00037563,0,0,0,0.00066616,0,0,0,0.00107022,0,0,0.00028152,0,0.00105576,0,0.00035456,0,0.00112174,0,0,0.00021423,0,0,0,0,0,0,0,0,0,0,0,0,0,0,0,0,0,0,0,0,0,0,0,0
Sample_5015,0.00293233,0.02255575,0,0,0.00048864,0.00634418,0.00199382,0,0,0,0.00139641,0.00099578,0,0.00181294,0,0.00249848,0.0008041,0,0,0,0.00173405,0.00054787,0.00218245,0.00042668,0.00144968,0,0,0.0007484,0.00183337,0.00128608,0,0.00132113,0,0,0.00290573,0,0.00046089,0,0,0,0,0.00227462,0.00116776,0.0003225,0.0004912,0.00051658,0,0,0,0.00076262,0,0.00358302,0,0.0002906,0.00031505,0,0.00051998,0.00031693,0.00035428,0,0,0.00016424,0,0,0.0001574,0,0,0.00854471,0.00444154,0,0.00147517,0.0016983,0.00073976,0.0008397,0.00147915,0,0.00264259,0,0.00094796,0,0,0,0.00063935,0.0005974,0,0,0,0.00082494,0.00024152,9.43E-05,0.00435389,0,0.00116805,0.0008034,0,0.00062065,0.00063363,0,0.00299074,0,0,0,0.0011288,0,0,0.00109059,0.0006182,0,0,0.00076692,0,0.00024664,0,0,0,0,0,0,0,0,4.26E-05,0,0,0.00150663,0,0.00152463,0.00126038,0,0.00112989,0,0,0,0,0,0.00024036,0,0,0,0,0,0,0,0.00050557,0,0.00040895,0,0,0,0,0,0,0,0,0,0,0,0,0,0.00040927,0,0,0,0,0,0,0,0,0,0,0,0,0,0,0,0,0,0,0,0,0,0,0,0,0,0,0,0,0,0,0,0,0
Sample_5016,0.01312152,0.02220543,0,0,0.00274571,0.01109942,0.00277292,0,0,0.00145963,0.00263426,0.00122284,0.00181723,0.00254319,0,0.00216812,0,0.00111599,0,0,0.00104164,0.00095302,0,0.0005823,0.00107129,0.00117621,0,0.00156464,0,0.00198887,0.00088456,0.00102551,0,0,0,0,0.0005409,0.00128882,0.00081489,0,0.00062265,0.00081185,0.00075141,0.00028385,0.00067656,0.00085104,0,0.00025789,0.00084775,0.00031317,0.00015377,0.0002866,0,0.00042086,0.00028118,0,0.00038503,0.00040901,0.00031771,0.0002312,0,0,0,0,0.0002703,0,0.00018699,0,0.00092773,0,0.00158226,0.00125137,0.00074693,0.00055789,0.00099963,0,0.00198885,0,0.00115299,0.00071794,0.00060207,0,0.00111973,0,0.00056915,0,0.0008645,0,0,0.00015662,0,0,0.00099594,0,0,0,0,0,0,0,0,0,0,0,0,0,0,0,0,0,0,0,0,0,0,0,0,0,0,4.68E-05,0,0,0,0,0,0,0,0.00068117,0,0,0.00068962,0,0,0,0,0.00027582,0,0.0001356,0,0.0011858,0,0,0.00048471,0.00034158,0,0,0,0,0,0,0,0,0,0,0,0.00162119,0,0,0,0,0,0,0,0,0,0,0,0,0.00081786,0.00061974,0.00044322,0.00034995,0,0,0,0,0,0,0,0,0,0,0,0,0,0,0,0,0,0,0,0
Sample_5017,0.01100458,0.02317549,0.00055212,0,0,0.00488972,0.0022413,0,0,0,0.00233613,0.001087,0.00150623,0.00255344,0,0.00244543,0,0,0,0,0.00176664,0.00058242,0,0.00049377,0,0.00047779,0,0.00114236,0.00172118,0.00257184,0,0.00081017,0,0,0,0.00048835,0.00066505,0.00147392,0,0,0.00048641,0,0,0.00028629,0.0007188,0.00079601,0,0.00031406,0.00065143,0.00076652,0,0.000369,0,0.00046531,0.00033021,0,0.00049952,0.00030673,0.00034722,0.00040699,0,0,0,0,0.00025633,0.00014375,0.00016506,0.00330693,0.00109488,0,0.0016432,0.00120484,0,0,0.00158231,0,0.00294939,0,0.00108236,0,0,0,0.00090004,0,0,0,0.0003383,0,0.00086322,0,0.00196329,0,0.00182022,0,0.00118667,0,0,0,0,0,0,0,0.001552,0,0,0.00095986,0,0.00073634,0,0,0,0,0,0,0,0,0,0,0.00015061,0,4.23E-05,0,0.00135437,0,0,0,0,0.00079341,0,0,0,0.00064615,0,0,0.00029619,0.0002288,0.00046604,0,0,0,0.00072575,0.0002907,0.00047627,0.00071455,0,0.00155074,0,0,0,0,0,0,0,0,0,0,0,0,0,0,0,0,0,0,0,0,0,0.00030994,0,0,0,0,0,0,0,0,0,0,0,0,0,0,0,0,0,0,0,0,0,0,0,0
Sample_5018,0,0.02376729,0,0.00042217,0,0.00396825,0,0.00087497,0,0.0009832,0.0026629,0.00125967,0.00151273,0.00200059,0,0.00214092,0,0.00156312,0,0,0.00138586,0.00078461,0.00064756,0.00069808,0,0,0,0.00137601,0.00193659,0.00186875,0.0011054,0.00085354,0,0,0,0.000381,0.00055603,0,0,0,0.00049324,0.00133517,0.00027083,0.00027101,0.00108862,0.00055465,0,0.00021486,0.00053792,0.0003413,0.00022288,0.00036746,0,0,0.00031208,0,0.00067655,0.0004415,0.00059613,0.00037676,0,0.00026609,0,0,0.00020792,0,0.00031846,0,0,0,0.00146526,0.00214387,0.00084866,0.00060393,0.00142078,0,0.0017482,0,0.0013586,0.00093941,0.00119126,0,0.00062833,0.00070802,0.00022818,0,0,0,0.00077035,0.00019276,0,0,0.00268502,0.00169147,0.00084792,0,0.00064493,0,0,0,0.00165643,0,0.00192043,0.00064181,0,0.00049068,0,0.00108351,0,0,0.00214668,0,0,0,0.00053144,0,0.00021421,0,0,6.26E-05,5.33E-05,0.00270247,0,0,0,0,0.00087596,0.00131396,0.00119056,0.0009399,0,0,0,0,0.00028457,0,0.00027218,0,0,0,0.00055495,0,0,0.00044243,0,0,0,0,0,0,0.00053359,0.00047249,0,0,0,0,0,0,0.00046098,0,0,0,0,0,0,0,0,0.00013005,0,0,0,0,0,0,0,0,0,0,0,0,0,0,0,0,0,0,0,0,0,0,0,0
Sample_5019,0.02029084,0.02742224,0,0,0,0,0.00316095,0,0,0,0,0.00136862,0.00198382,0.002531,0,0.00140127,0,0,0,0,0.00125961,0.00076411,0,0.00067084,0.00119427,0.00059412,0,0,0.00197521,0.00167696,0.00105592,0.00047089,0,0,0,0.00046841,0.00064579,0,0.00151389,0,0,0,0,0.00029543,0.00091216,0,0,0.00027867,0.00102733,0.00027963,0,0.00018493,0,0,0.00026377,0,0.0005979,0.00021503,0.00039156,0.00052993,0,0.00053806,0,0,0.00030867,0.00018987,0.00016684,0.00478433,0.00088909,0.00209237,0.00161573,0.00096771,0,0,0.00124376,0.00060335,0.00132714,0.00170895,0.00167461,0.0007655,0.00087903,0,0,0,0,0,0,0.00046066,0.00100853,0.00017787,0,0,0,0,0,0.00078872,0.00070559,0,0,0,0.00089637,0,0.0013995,0,0.0011482,0,0,0.00068897,0,0.00090428,0.00069069,0,0,0.00198037,0,0,0,0,0,7.39E-05,0,0,0.00133865,0,0,0,0,0.0008037,0,0,0,0.00058033,0,0,0.00026959,0.00028946,0,0.00035795,0,0.00163789,0.00149613,0.00081796,0,0.00094567,0,0,0,0.00089387,0,0.00058119,0,0,0,0.00044066,0,0.00085607,0,0,0,0,0.00071901,0,0,0,0,0,0,0,0,0,0,0,0.00123561,0.00023932,0,0,0,0,0,0,0,0,0,0,0,0,0,0,0,0,0,0
Sample_5020,0.00210712,0.01833365,0,0,0.00107702,0.00154586,0,0.00086152,0,0,0.0022664,0.00182286,0.00192095,0.00150706,0,0.00205441,0.00099348,0.00172116,0,0,0.00076222,0.00123746,0.00153937,0.00057501,0,0,0.0003379,0.0017947,0.0023686,0.00159897,0,0.00093321,0,0,0,0,0.00061977,0,0,0,0,0,0,0.00030665,0.00061855,0,0,0.0001918,0,0,0.00020823,0.00030485,0,0.00033851,0.000327,0.00040365,0.00046249,0.00027148,0.00053915,0.00030115,0,0.000341,0.00022251,0.00017605,0.00018432,0,0.00011354,0.00526442,0,0,0.00130785,0.00178932,0.00044515,0.00064675,0.00197465,0,0.00140647,0,0.00100763,0.00099537,0.00122723,0.00092256,0,0,0,0,0,0,0.00182453,0.00011614,0.00248955,0,0.00143044,0.00143318,0,0.00105757,0.00059239,0,0,0,0.00104722,0,0,0,0,0.00123164,0,0.00107004,0,0,0.0004917,0,0,0,0,0,0,0,0,6.57E-05,4.36E-05,0,0,0,0,0.00168153,0.00154768,0,0.00152633,0,0.00067394,0,0,0,0.0003202,0.00022613,0,0.00010774,0,0,0.00047986,0.00035926,0,0,0.0005174,0,0,0,0,0,0,0,0,0,0,0,0,0,0.00063318,0,0,0,0,0,0,0,0,0.0001802,0,0,0,0.00032238,0,0,0,0,0,0,0,0,0,0,0,0,0,0,0,0,0,0,0,0
Sample_5021,0.02859612,0.02751574,0,0.00042275,0,0.0027395,0.00356185,0.00050365,0,0,0.00244475,0.000948,0,0.00239682,0,0.00257573,0,0.00115614,0,0.00155879,0.00108427,0.00041102,0,0.00068374,0.00062667,0.00199635,0,0,0,0.00137397,0,0.00076971,0,0,0,0.00091359,0.00089629,0,0,0,0,0,0.00074855,0.00024933,0.00114287,0,0,0.00015965,0.00053681,0.00024628,0,0.00115156,0,0,0.00027893,0,0.00035052,0.00032534,0.00032834,0,0,0,0.00016776,0,0.00031279,0,0,0.00731936,0.00275353,0.00258476,0,0.00089833,0,0,0.00109324,0,0.0009677,0,0.00111338,0.00056964,0.00155407,0,0.00094057,0.00079281,0,0,0.00225803,0.00066462,0.00041927,0.00013538,0,0,0,0,0,0,0,0,0.00225494,0,0,0,0.00091364,0,0.00059318,0,0,0.00036645,0,0.00077328,0,0,0,0.00029145,0,0,0,0,0,5.37E-05,0,0.00250551,0.00100972,0,0,0,0,0.00036722,0,0,0,0,0,0,0,0.00034395,0,0.00013058,0,0,0,0,0,0.00049716,0,0,0,0,0,0,0,0,0,0,0,0,0,0,0,0,0,0,0,0,0,0,0.00023553,0,0.00037093,0,0,0,0,0,0,0,0,0,0,0,0,0,0,0,0,0,0,0,0,0,0,0
Sample_5022,0.00437595,0.01703606,0.00232654,0,0,0,0.00696738,0,0,0,0.00263104,0.00268279,0.00310048,0.00223218,0.00055601,0.00143159,0,0,0.00044767,0,0.00128482,0.00090009,0.00115048,0.00095185,0,0,0,0.00130507,0,0.00097785,0,0,0,0,0,0.00039864,0.00063434,0.00141271,0.00130101,0,0.00045487,0,0.00045217,0.00045216,0.0006859,0.00061792,0,0.00018712,0.00063835,0.00031516,0.00041918,0.00058505,0,0,0.00042132,0.00087875,0.00062413,0,0.0003609,0,0,0.00056192,0,0,0.00021809,0,0.00010672,0.00775089,0.0011497,0,0.00111467,0.00347504,0,0,0.00112449,0.00107949,0,0,0.00196232,0.00170341,0.00080929,0,0,0.00057488,0.00053094,0,0,0.0004816,0.00143852,0.00059008,0.00212269,0,0.00323581,0.0019051,0,0.00176318,0.00080911,0,0,0,0.00157507,0,0.0025606,0,0.0011402,0.00145308,0,0.00182603,0,0,0,0,0,0.0014395,0.00048095,0,0,0,0,8.06E-05,5.89E-05,0.00229769,0.00105936,0,0,0,0,0.00134499,0.00103028,0,0,0.00092813,0,0.00026111,0,0.00022606,0,0.0001318,0,0,0.0010734,0.00052054,0,0.00097386,0,0.00172007,0,0,0,0.00048977,0,0,0,0.00047198,0,0.00147536,0,0,0,0,0,0.00071855,0,0,0,0,0,0.00070845,0,0,0,0,0,0,5.88E-05,0,0,0,0,0,0,0,0,0,0,0,0,0,0,0,0,0
Sample_5023,0,0.01564863,0,0.00034841,0,0.00544774,0.00206573,0.00108733,0,0,0.00133115,0.00133574,0.00250655,0.00202885,0,0.00149749,0,0.0014048,0,0,0.0008529,0.00064752,0.00166177,0.00047631,0,0,0,0.00109599,0.00199757,0.00143615,0.00158971,0.00067899,0,0,0,0.00033404,0.00069111,0,0,0,0,0,0,0.00037361,0.00067591,0,0,0,0,0,0.0002004,0,0,0,0,0,0.00074143,0,0,0,0,0.00029578,0,0,0,0,0.00010823,0,0.00068498,0,0.00126554,0.0023967,0,0,0.00211656,0,0.00125555,0,0.00202374,0.0007375,0.00081891,0.000922,0.00111164,0,0,0,0,0,0.00043339,0.00022598,0,0,0,0.00114146,0,0.00162313,0.00066942,0,0.00156246,0,0.00166793,0,0.00155112,0,0.00053819,0.00089161,0,0.0016923,0,0.00076169,0.00107819,0.00034995,0,0.00054534,0,0,0,0,0,3.95E-05,6.27E-05,0,0,0,0.00151138,0.00184678,0.00151824,0.00131882,0.00236292,0.00087076,0.00073979,0.00054316,0,0.00024469,0,0.00025673,0,0.00020388,0,0,0.00073938,0,0.00081309,0,0.00104706,0,0,0,0,0.00039722,0,0,0,0.00030563,0.00106249,0,0,0,0.00033754,0,0,0,0,0,0,0,0,0,0,0,0,0,0,0,0,0.0011291,0.00046215,0,0,0,0,0,0,0,0,0,0,0,0,0,0,0
Sample_5024,0,0.01779454,0.00033168,0,0.00032431,0.00112577,0,0.00232856,0,0,0.00223926,0.00209733,0.00201602,0.00125806,0,0.00186668,0,0.00129707,0,0,0.00117504,0.00117417,0,0.00087892,0,0,0,0,0.00184288,0.00114585,0,0.00053054,0,0,0.00084763,0,0,0,0,0,0,0,0,0.00043942,0.00078037,0.00063303,0,0,0,0,0.00048155,0.00020877,0,0,0.00029559,0,0,0.00021874,0.00029605,0,0,0.00032884,0,0,0.00026324,0.00013525,0.00020374,0.00291542,0.00129563,0,0.00155074,0.00213153,0,0.00072605,0.0016828,0,0.00206909,0,0.00094604,0.00143498,0.00247577,0,0.00074487,0.00041863,0,0,0,0.00066669,0.00273572,0,0,0,0.00541518,0.00159542,0,0.00086967,0.00068432,0,0,0,0.00171196,0,0.00147375,0,0.00069807,0,0,0.00118975,0,0,0.00209893,0,0,0,0,0,0,0,0,4.92E-05,0,0,0.00085782,0,0.00125039,0.00108982,0,0.00102575,0.00258593,0.00108656,0.00072636,0.00071087,0,0,0.00023774,0,0.00036282,0,0.00028422,0,0.00069437,0,0,0,0,0,0,0,0,0.00046567,0,0,0,0,0,0,0,0,0.00032161,0,0,0,0,0.00097261,0,0,0,0.00014392,0,0,0,0.00026271,0,0,0,0,0,0,0,0,0,0,0,0,0,0,0,0,0,0,0,0
Sample_5025,0.00998208,0.01196995,0.00034754,0.00169811,0,0.00217636,0.00101585,0,0,0,0.00142738,0.00149139,0.00151958,0.00226813,0.00105498,0.00160322,0,0,0,0.00144768,0.00127815,0.00125511,0.00200536,0.00089033,0,0,0.00032936,0.0028413,0.00285548,0.00168651,0,0.00094959,0,0,0,0.00059745,0.00083876,0,0,0,0,0.00106244,0,0.00035945,0.00046809,0,0,0,0,0.00039809,0,0.00061262,0,0,0,0,0.00097831,0.00023844,0,0,0,0,0.0001924,0,0.00015011,0.00012438,0.00015043,0.00964835,0.00151328,0.00204031,0.00209475,0,0,0,0.00130238,0,0.0020072,0,0.00100808,0.00076358,0.00130289,0,0,0.00056513,0.00035323,0.00041686,0,0,0.00086378,9.99E-05,0.0019137,0,0.00196561,0,0,0,0.0008426,0,0,0.00109293,0,0.00193568,0,0,0.00070813,0,0.00072697,0,0,0.00072115,0.00093724,0.00037383,0,0,0,0,0.00021898,0.00038412,0,4.23E-05,4.95E-05,0,0,0,0,0,0,0,0,0,0.0009408,0,0,0,0.00029886,0,0,0.00015536,0,0.00082484,0.00096984,0,0,0,0,0,0,0,0,0,0,0,0,0,0,0,0,0,0.0004063,0,0,0,0,0,0,0,0,0,0,0.0005955,0,0,0,0,0,0,0,0,0,0,0,0,0,0,0,0,0,0,0,0,0,0
Sample_5026,0.0025353,0.01839845,0,0,0,0,0.00131864,0,0,0,0.00298312,0.00162249,0.00189347,0.00222182,0,0.0022344,0,0,0.00035751,0,0.00127562,0.00101936,0,0.00077518,0,0.00037314,0,0.00083739,0,0.00128893,0.00098185,0,0,0,0.0010491,0.00044121,0.00075705,0,0.0006045,0,0.00071577,0.00100176,0.0002997,0.00042428,0.00062117,0.0006181,0,0,0.00053085,0.00045647,0.00032531,0.0003912,0,0.00068545,0.00035373,0.00049516,0.00031367,0.00023363,0.00033739,0,0,0,0,0,0.0005319,0.0003233,0.00021746,0,0,0,0.00135817,0.00281586,0,0,0.00114236,0.00061267,0.00178874,0.0007293,0,0.00147502,0.00101044,0,0.00079552,0,0,0,0,0.00050845,0.00115318,0,0,0,0.00148652,0.00289818,0,0.00164869,0.00079789,0,0,0,0.00262064,0,0.00110619,0,0,0,0,0.00129251,0,0,0,0,0,0.00031216,0,0,0,0,0,5.46E-05,0,0,0.00117551,0,0.00127519,0,0,0.00099116,0.00263225,0.00067092,0,0.00073941,0,0,0,0,0,0.00033803,0,0,0.00082467,0,0,0,0,0.00252346,0,0,0,0,0.00077924,0,0,0,0,0,0,0,0.00054809,0,0,0,0,0,0,0,0,0,0,0,0,0,0,0,0,0,0,0,0,0,0,0,0,0,0,0,0,0,0,0,0,0
Sample_5027,0.01003024,0.02152088,0.00075626,0.00143634,0.00084434,0.00293286,0.00145977,0.00108194,0,0,0.00242883,0.00124299,0.00229688,0.00268696,0,0.00235554,0,0.00116618,0,0,0.00101148,0.00156454,0.00140066,0.00044496,0.00075839,0,0.00057512,0.00122344,0,0.00186226,0.00096146,0.00078956,0,0,0,0.00054571,0.00075211,0,0.00066068,0.00074673,0.00090245,0,0,0.00038594,0.00065038,0.00049955,0,0.00018308,0.00055655,0.00042,0.00017433,0.00021757,0,0.00031034,0.00029547,0,0,0.00037984,0.00027313,0.00039796,0,0,0.00033414,0.0001689,0.00030503,0,0.00014761,0,0.00053833,0,0.00163292,0.00108466,0,0,0.00186581,0,0.00166913,0,0.00085991,0,0.0004737,0,0.0010621,0,0.00030214,0,0.00048538,0,0.0006406,0.00016896,0,0,0.00312665,0,0,0,0,0.00023555,0,0,0,0,0.00163211,0,0,0.00114818,0,0.00043326,0,0.00041206,0.00091739,0,0,0,0,0,0,0,0,0,0,0,0.00144821,0,0,0.00146392,0,0.00114473,0,0,0,0,0,0.00028876,0.00042891,0.00027788,0,0,0,0,0.00075989,0.00034899,0.00054252,0,0,0,0,0,0,0,0,0,0,0,0,0.00124547,0,0,0.00045435,0,0,0.00117688,0,0,0,0,0,0,0.00023248,0,0.00045545,0,0,0.00026863,0,0,0,0,0,0,0,0,0,0,0,0,0,0,0,0,0,0
Sample_5028,0.00064498,0.0159251,0,0.00099026,0,0.00327528,0.00160528,0.001543,0,0,0.002393,0.00251821,0.00236937,0.00187664,0.00055582,0.00145511,0,0,0.00047375,0,0.00219528,0.00123628,0.00187085,0.00075865,0,0,0.00048869,0,0,0,0,0.00045154,0,0,0.00080217,0,0.00055758,0.00090672,0,0,0,0.00138966,0.00068406,0.00042054,0.00052624,0,0,0,0,0,0.00056531,0.0019395,0,0,0.00023216,0.00056913,0.0008021,0,0.00022384,0,0,0.00032085,0,0,0,0.00012643,0,0.00701616,0.00324164,0.0013988,0.00112865,0.00099191,0,0,0,0.0011531,0.00068525,0.0008295,0.00097597,0.00188825,0.00107695,0.0008634,0.00063287,0,0,0,0,0.00055149,0.00222614,0,0.00286838,0,0,0.00086971,0,0.00077304,0.00056233,0,0,0,0,0.00118147,0,0,0.00086673,0,0.00062785,0,0,0,0.00066967,0,0,0,0,0.00047115,0.00018041,0.0001802,0,0,0,0,0,0,0,0,0,0.00109011,0.00075516,0.00086885,0,0,0,0,0,0,0,0,0,0,0,0,0,0,0,0,0,0,0,0,0,0,0,0.00039822,0,0,0,0,0,0,0,0,0,0,0,0,0,0,0,0,0,0,0,0,0,0,0,0.00093035,0,0,0,0,0,0,0,0,0,0,0,0,0,0
Sample_5029,0.00263612,0.0255302,0.00038938,0.00049035,0,0,0.00411994,0,0,0,0.00199936,0.00179856,0.00201665,0.00209828,0,0.00190984,0,0.00185056,0,0,0.00093391,0.00131555,0,0.00064321,0,0,0.00037842,0.00155487,0,0.00186072,0.00122399,0,0,0,0,0,0.0009137,0,0.00087524,0,0,0,0.00032678,0.00045574,0.00101674,0.00081345,0,0.0002017,0.00062714,0.00034007,0.00025186,0.00023843,0,0.00037003,0.00030894,0.00055621,0.00060004,0.00027484,0.00035924,0.00046492,0,0.0004344,0,0,0.00023476,0.00013755,0.00014022,0.0071122,0.00070922,0,0.00139367,0.00208492,0.00082401,0,0.00164558,0,0,0,0.00214208,0.0009315,0.00106578,0,0,0.00103395,0,0,0,0.00052885,0.00494395,9.83E-05,0,0,0,0.00233801,0,0.00183898,0.00084953,0,0,0,0,0,0.00300101,0,0.00088288,0.00123203,0,0.0014985,0,0.00094248,0,0.00022562,0.00041935,0.00050604,0.00043586,0,0,0.00047227,0,7.89E-05,6.47E-05,0,0.00113787,0,0,0.00137891,0.00136893,0.00110994,0.00113579,0,0,0.00052701,0,0,0.00030615,0.00024372,0,0,0,0,0.00084193,0,0,0.00067269,0,0.00117027,0,0,0,0.0005749,0,0,0,0.00036527,0.00108178,0.00160849,0,0,0.00051164,0,0,0.00034896,0,0,0,0,0,0,0,0,0,0,0,0,4.21E-05,0,0,0,0,0,0,0,0,0,0,0,0,0,0,0,0,0
Sample_5030,0.00365184,0.02772931,0.0005278,0.0008652,0,0,0.0019043,0.00097073,0,0,0.00255065,0.00155008,0.0024642,0.00176368,0.00085315,0.00121023,0,0,0,0,0.00063761,0.00088493,0,0.00077027,0,0.00041755,0.00038631,0.00282803,0,0.00122902,0.00144069,0,0,0,0,0,0.00039174,0.0008074,0.00091558,0,0.00042459,0,0,0.00056935,0.00072805,0.0009066,0,0.00020991,0.00066084,0.00074775,0.00018513,0.00026018,0,0,0.00037213,0,0.00055812,0.00033069,0.0004637,0.00047637,0,0.0004604,0,0,0.00021571,0,0.00012287,0.00679151,0.00041391,0,0.00173937,0.0017363,0,0,0.00207678,0.00061501,0,0,0.00164466,0.00065129,0.00083784,0,0,0.00111469,0,0,0,0.00032074,0.00123317,0,0,0,0.00065634,0.00421353,0,0.0013616,0.00097306,0,0.00204386,0,0.00299913,0,0.00298465,0,0.00096203,0.00079186,0,0.00130118,0,0.0007747,0,0,0.00059245,0,0.00053939,0.00071954,0.00018619,0,0,9.17E-05,7.05E-05,0.00318168,0,0,0,0,0,0.00162186,0.00270681,0.00098006,0.00070314,0.00051442,0,0,0,0.00026485,0,0.00018804,0,0,0.00084892,0.00032651,0,0.00048389,0,0.00104737,0,0,0,0,0,0,0,0,0,0.00236237,0,0,0,0.00122892,0,0,0,0,0,0,0,0,0.00019518,0.00067443,0,0,0,0,0,0,0,0,0,0,0,0,0,0,0,0,0,0,0,0,0,0
Sample_5031,0,0.02037301,0,0,0,0.00079634,0,0.00089476,0,0,0.00252572,0.00211038,0,0.00182325,0,0.00209482,0,0.00107462,0.00041244,0,0.00102033,0.00115306,0.00191019,0.00065278,0,0,0,0.0014403,0,0.00097123,0,0.00044523,0,0,0,0,0.00061492,0,0,0,0,0.00166108,0.00036468,0.00038644,0.00069844,0.00032021,0,0,0,0.00033244,0.00040618,0.0002952,0,0,0,0.00037418,0,0.00033351,0,0,0,0.00020218,0,0,0.00022748,0,0.00029723,0.00494542,0.00072138,0.00207804,0.00120962,0.00079338,0.00079332,0.00063725,0.00124022,0,0.00196021,0,0.00106663,0.00146685,0.00121266,0,0,0,0.00029891,0,0,0,0.00166337,0,0,0,0,0,0.00118063,0,0.00061029,0,0,0,0,0,0,0,0.00076496,0.00029566,0,0.00044476,0,0,0.00209991,0,0,0,0,0,0,0,0,3.90E-05,0,0.00258183,0.00188342,0,0,0,0,0.00087653,0,0,0.00062895,0,0,0,0,0,0,0,0,0,0.00083742,0,0,0,0,0,0,0,0,0,0,0.00083615,0,0,0.00116678,0,0,0,0,0,0,0,0,0,0.00153618,0,0,0,0,0,0,0,0,0,0,0,0,0,0,0,0,0,0,0,0,0,0,0,0,0,0,0
Sample_5032,0,0.01821822,0,0,0,0.00150164,0.00082658,0.0005305,0,0,0.00175059,0.00089927,0.00162231,0.00205235,0,0.00178967,0.00139213,0.00166831,0,0,0.00149389,0.00073881,0.00197141,0.00043907,0,0,0.00039959,0.00138143,0.00276846,0.00210732,0,0.00083654,0,0,0,0,0.0006334,0.00159871,0,0,0,0.00102467,0.00042507,0,0.00076821,0,0,0,0.00073976,0.00033408,0,0.00065601,0,0.00037641,0.00028742,0,0.0003718,0.0003029,0.0002862,0.00039259,0,0,0,0,0.00018524,0,0.00029575,0,0.00145493,0,0.00183231,0.00191543,0.00089877,0.00065313,0.00177055,0,0.00266527,0,0.00115944,0,0.00103682,0.00187187,0,0.00050314,0.00036511,0,0,0,0.00346157,0,0,0,0.00155769,0.00113435,0,0.0010466,0,0,0,0,0,0,0,0,0,0.00092136,0,0.00098152,0,0,0.00129587,0,0,0,0,0,0,0,0,5.43E-05,4.64E-05,0,0,0,0,0,0,0,0.00156148,0,0.00086949,0,0,0,0,0,0,0,0,0,0.00099425,0,0,0,0.00087363,0,0,0,0,0,0,0,0,0,0,0.00162818,0,0,0.00052106,0,0,0,0,0,0,0,0,0,0,0,0,0,0,0,0,0.00085997,0,0,0,0,0,0,0,0,0,0,0,0,0,0,0,0
Sample_5033,0.00264036,0.01799046,0.00037708,0.00037332,0,0.00238761,0,0,0,0,0.00091934,0.0009902,0.00216235,0.00194193,0,0.00151254,0,0,0,0,0.00180058,0.00046917,0.00143412,0.00047486,0,0,0,0,0.00171957,0.00178949,0,0.00065516,0,0,0.00054564,0,0,0,0.00095475,0,0,0.00098821,0.00034052,0.00047375,0.00061654,0.00046778,0,0,0,0,0,0.0013708,0,0,0,0,0.00035725,0.00029056,0.00027765,0,0,0.00037322,0,0,0.00019367,0,0.00018518,0,0.00278594,0.00157602,0.00165653,0.00207319,0,0,0.00133201,0.00098967,0.00145693,0.0009473,0.00140061,0,0.00095378,0.00097447,0.00064307,0,0.00039207,0.00029288,0,0.00050323,0.00415081,0.00020041,0,0,0.00121427,0.00174542,0,0.00139453,0.00067404,0,0,0,0.001748,0,0.00135877,0,0.00110483,0,0,0.00105439,0,0,0.00055802,0,0,0.00049041,0.0003133,0,0,0,0,5.43E-05,0,0,0.00110564,0,0,0,0,0.00090742,0.00235824,0,0,0.00040053,0,0,0,0,0,0,0,0,0.00078731,0,0.00061432,0,0,0.00100456,0,0,0,0.00047251,0,0,0,0.00028844,0,0,0,0,0,0.00169109,0,0,0,0,0,0,0,0,0,0,0.00059565,0,0,0,0,0,0,0,0.00038454,0,0,0,0,0,0,0,0,0,0,0,0,0
Sample_5034,0,0.025167,0,0,0,0.00155098,0,0,0,0,0,0.00077408,0.00185772,0.00124025,0,0.00186614,0,0,0,0,0.00114707,0,0.00136118,0.00047109,0,0,0,0.00091662,0.00165716,0.00135092,0,0.00083943,0,0,0,0,0,0,0.00064716,0,0,0,0,0.0002888,0.00069328,0,0,0,0.00078008,0.00045536,0,0.00042777,0,0,0,0,0,0.00031881,0.00034068,0.00043474,0,0.00030457,0,0,0.00021501,0,0.0002061,0,0.0011956,0.00179934,0.00176944,0.00208257,0.00083471,0,0.00195729,0.0006571,0.00147001,0.00154169,0.00149826,0,0.00117012,0,0.00116405,0,0,0,0,0,0.00119606,0.0001411,0,0,0.00125062,0.00157375,0.00126248,0.00137466,0.00063032,0,0,0,0.00179118,0,0.00146976,0,0.00109155,0.00063159,0,0.00079845,0,0,0.00064089,0,0,0,0.00034652,0,0,0,0,8.90E-05,5.24E-05,0.00245216,0.00133568,0,0,0,0,0.00100726,0.00209696,0.00061318,0.00066895,0.00044282,0,0,0,0,0,0.00016563,0,0,0.00098842,0,0,0.00057885,0,0,0,0,0,0,0,0.00071377,0,0.00033544,0,0,0,0,0,0,0.00122718,0,0,0,0,0,0,0,0,0,0,0,0,0,0,0,0,0,0.00045131,0,0,0,0,0,0,0,0,0,0,0,0,0
Sample_5035,0.00177171,0.00409013,0,0,0,0.00066888,0.00088269,0,0,0,0.00124912,0,0.00184785,0.00146199,0,0.00414542,0,0,0,0,0.00099216,0,0,0,0,0,0,0.00380503,0.00108983,0,0,0.00059757,0.00222973,0,0,0,0,0,0,0,0,0.00075541,0.00037258,0,0,0,0,0,0,0.00046586,0,0,0,0,0,0,0,0,0,0,0,0.00039709,0,0,0,0,0,0,0.0008263,0,0,0,0.0034795,0,0,0,0.00498637,0,0,0,0,0,0,0,0,0,0,0,0.00161221,0.00016228,0.01598117,0.0023982,0.00029691,0.00076811,0.00190446,0.00070656,0,0,0,0,0.00337115,0,0.00136792,0,0,0,0,0,0,0,0,0,0,0,0.00040458,0,0,0,0.00199676,0,5.53E-05,0,0,0,0.00122406,0.00601589,0,0,0,0.00082761,0,0,0,0,0,0,0,0,0.00149725,0,0.00207578,0,0,0,0,0,0,0,0,0,0,0,0,0,0,0,0,0,0,0,0.01060644,0,0,0,0,0,0,0.00018341,0.00149165,0,0,0,0,0.00028826,0,0,0,0,0,0,0,0,0,0,0,0,0,0,0,0,0,0
Sample_5036,0.00269814,0.02066009,0,0,0,0.00159242,0.00065116,0.00069052,0,0,0.00211119,0.00144456,0.00248082,0.00179704,0,0.00126546,0,0,0,0,0.00124408,0.00078396,0.00129492,0.00053719,0,0,0,0.00184273,0.0017702,0.00155999,0,0.00091919,0,0,0,0.00037553,0.0004388,0.00125087,0.00061148,0,0,0,0,0.00034366,0.00071072,0.00043013,0,0,0.00053993,0.0003928,0.00017737,0.00045979,0,0,0.00031892,0,0,0.00026504,0.00043614,0.00023936,0,0.00036121,0,0,0.00020414,0,0.00015932,0,0.00098738,0,0.00126102,0.00229148,0,0,0.00166977,0,0.00079914,0,0.0015266,0.00064118,0.00062155,0,0.00087943,0,0,0,0,0,0.00085938,0.00014918,0.00310517,0,0.00111567,0.00193075,0,0.00111818,0.00066626,0,0,0,0.00181315,0,0.0007806,0.000549,0.00079559,0.00127238,0,0.00078233,0,0,0.00119123,0,0,0,0.00043051,0,0,0,0,0,4.17E-05,0,0.00164978,0,0.00126101,0.00135304,0,0.00109295,0.00236611,0.00066148,0,0.00062624,0,0,0.00023798,0,0,0.00015617,0,0,0.00094507,0,0,0,0.00030392,0,0,0,0,0.00050012,0.00083249,0.00021096,0,0,0,0.0013178,0,0,0,0,0,0,0,0,0,0,0,0,0,0,0,0,0,0,0,0,0,0,0,0,0,0,0,0,0,0,0,0,0,0,0,0
Sample_5037,0,0.00464483,0,0,0,0.0028074,0,0,0,0,0.001014,0.00071797,0.00162517,0.00175528,0,0.00318597,0,0,0,0,0.00247439,0,0,0,0,0,0,0.00300003,0.00115616,0,0,0.00044659,0,0,0,0,0,0,0,0,0,0.00087123,0,0,0.0001677,0,0,0,0,0.00080729,0,0,0,0,0,0,0,0,0,0,0,0,0,0,0,0.0001233,9.55E-05,0,0,0,0,0,0.0028206,0,0,0,0.00564106,0,0,0,0,0,0,0.00057815,0,0,0,0,0.00072652,9.64E-05,0.00037177,0.00248078,0.00073911,0.00078986,0.00143445,0,0,0.00261056,0,0,0.00384988,0,0.00475626,0,0,0,0,0.00048447,0,0,0.00051141,0,0,0,0.00091812,0,0,0,0,0,4.89E-05,0,0,0,0.00211529,0.00279277,0,0,0,0,0.00138391,0,0,0,0,0,0.001852,0,0,0,0.00068985,0,0,0,0,0,0,0,0,0,0,0,0,0,0,0,0,0,0,0,0.04127623,0,0,0,0,0,0,0,0.00176738,0,0,0,0,0.00020862,0,0,0,0,0,0.00074721,0,0,0,0,0,0,0,0,0,0,0,0
Sample_5038,0,0.01724577,0,0,0,0.00187439,0.00056864,0,0,0,0.00179039,0.00119804,0.00180437,0.00172657,0,0.00199321,0,0,0,0.00075863,0.00145212,0.0011223,0,0.00051529,0.00092455,0,0,0.00214699,0.00412909,0.00219232,0,0.00061991,0,0,0,0.00042595,0.00092134,0.00139799,0,0,0,0.00094074,0,0,0.00065908,0.00047229,0,0.00017706,0.00052272,0.00114167,0,0.00022729,0,0.00045098,0.00026701,0.00037184,0.00028261,0.00014267,0.00039033,0.0004749,0.00029052,0,0.00031771,0,0.00021761,0,0.00024669,0.00498929,0.0007019,0,0.00177209,0.00217611,0,0,0.00186265,0,0.00122769,0,0.00129355,0,0.00182017,0,0,0.00072939,0,0,0,0,0.001655,0.00016665,0,0,0.00135378,0.00169124,0.0014483,0.00136906,0,0,0,0,0.00235973,0,0.00205662,0,0,0.00084873,0,0.00113643,0,0,0.00325199,0,0,0,0.00059668,0,0,0,0,0,5.85E-05,0,0.00149273,0,0,0.00125747,0,0,0.00197592,0,0.00066632,0,0.00032346,0.0002443,0,0,0.0007654,0,0,0,0.0006661,0,0.0005587,0,0,0,0,0,0,0,0,0.00047865,0,0,0,0,0,0,0,0,0.00095538,0,0,0,0,0,0,0,0,0,0,0.00039831,0,0,0,0,0,0,0,0,0,0,0,0,0,0,0,0,0,0,0,0
Sample_5039,0.00707429,0.0285259,0,0,0,0,0.00656749,0.00066714,0,0.00234167,0.00178682,0.00165971,0.0017359,0.00165794,0,0.00105743,0,0.00269609,0,0,0.0009567,0.00088356,0,0.00058596,0,0,0.00050521,0.00210284,0,0.0019202,0.00113645,0.00080811,0,0,0.00041466,0,0.0014031,0,0.00088104,0,0,0.00147904,0.0004353,0.00048623,0.0008114,0.00066916,0,0,0,0.00202759,0,0.00029092,0,0,0.00030052,0,0.00084823,0.00033341,0.00041405,0,0,0.00017613,0,0,0.00025918,0,0.00015462,0.00504869,0,0,0.00201398,0.00191785,0,0.0004644,0.00165626,0.00071529,0,0,0.00115899,0,0.00125826,0,0.00116763,0.00156785,0,0,8.46E-05,0,0.0008654,0.00033748,0,0,0,0.00142353,0,0.00117471,0.00104921,0,0,0,0.00217291,0,0.0030717,0,0.00106453,0.00072565,0,0.00141455,0,0.00101697,0,0,0,0.00033682,0.00050478,0,0.0001954,0,0,0,0,0.00332876,0.00164165,0,0.0015232,0,0.00089793,0.00166957,0.00306466,0,0,0.00059096,0,0.00028418,0.00065544,0.00025357,0,0,0,0,0.00102419,0.000421,0,0,0,0,0,0,0.00047358,0.00035745,0,0,0.00023866,0,0,0,0,0,0.00048449,0,0,0,0,0,0,0,0,0,0,0,0,0,0,0,0,0,0,0,0,0,0.00054469,0,0,0,0,0,0,0,0,0,0,0
Sample_5040,0.00497142,0.0212147,0,0,0,0.00857756,0.00606197,0.00061722,0,0,0.00199532,0.00120029,0.00156767,0.0016479,0,0.00265977,0,0,0,0,0.00054119,0.00066607,0,0.00055765,0,0,0.00053556,0.00115946,0,0.00167198,0,0.00066434,0,0,0,0.00049101,0.00074419,0,0,0,0,0,0.00033988,0.00028572,0.00084663,0.0004864,0,0,0,0.00104407,0,0.00030509,0,0.00040822,0,0.00039177,0.0004137,0.00026194,0.00030303,0.00030903,0,0.00024478,0.00018831,0,0.00025282,0,0.00016706,0,0.00062752,0,0.00128886,0.00191255,0,0,0.00161703,0,0.00309728,0,0.001089,0,0.0014017,0,0.00076401,0,0,0,0,0,0.00238562,0,0,0,0.00077269,0.00153234,0,0.00093849,0.0005116,0,0,0,0.0018214,0,0.00139319,0,0,0.00152333,0,0.00122865,0,0.0007379,0.00033855,0,0,0,0,0,0,0,0,5.97E-05,0,0,0,0,0,0.00145587,0.00130342,0.00109126,0.00178993,0,0.0007396,0.00071682,0,0,0.00043495,0.00026361,0,0,0,0,0.00092061,0.00065889,0,0,0.00026173,0.00103603,0,0,0,0,0,0,0,0,0.00095092,0.00150651,0,0,0,0,0,0,0,0,0,0,0,0,0,0,0,0,0,0,0,0,0,0,0,0,0,0,0,0,0,0,0,0,0,0,0,0
Sample_5041,0,0.02091715,0,0.00042009,0,0.00280889,0,0.00089678,0,0,0.00217903,0.00219633,0.00219663,0.00245869,0,0.00179159,0,0.00167725,0.00028881,0,0.00109849,0.00099295,0.00120416,0.00060045,0,0,0.000387,0.00174861,0.00252548,0.00173186,0,0.00076197,0,0,0,0,0.00068282,0,0.00059658,0,0,0,0.00079052,0.00044191,0.00064012,0.00030027,0,0,0,0.00057399,0.00029511,0.00037648,0,0.0002206,0.00027321,0,0.00045472,0.00045116,0.00026129,0,0,0.00022323,0,0,0.00022209,0,0,0.00377732,0,0.00210428,0.00137542,0.00164753,0,0,0.00160172,0,0.00157896,0,0.00193587,0.0008658,0.00084984,0.0005956,0.00090569,0,0,0,0,0,0.00173913,0.00023085,0,0,0,0.00099154,0,0.00100147,0.00077729,0,0,0,0.00121004,0,0.0012108,0,0.00096355,0.00091801,0,0.00088713,0,0,0.00303359,0,0,0.00033329,0.00038732,0,0,0,0,5.79E-05,4.28E-05,0,0.00159073,0,0,0.00160504,0,0.00119517,0.00175897,0,0.00095642,0,0,0,0,0,0,0,0,0,0.00066855,0,0,0,0,0,0,0,0,0,0,0,0,0,0,0.00137288,0.00023143,0,0,0,0,0,0,0.00084765,0,0,0,0,0,0,0,0,0,0,0,0,0,0,0,0,0,0,0,0,0,0,0,0,0,0,0,0
Sample_5042,0.00336872,0.02491358,0,0,0,0.00422081,0.00231695,0,0,0,0.00172822,0.00123628,0,0.00168367,0,0.00233909,0,0,0,0,0.00127085,0.00087471,0,0.00051243,0,0,0,0.00143548,0.00214011,0.00141416,0,0.00065241,0,0,0,0,0.00057866,0,0.00067577,0,0.00045967,0.00077046,0.00102051,0.00032305,0.00080373,0,0,0,0.00059632,0.00032531,0.00019402,0.00026931,0,0.00042927,0.00024013,0,0,0.00034726,0.0003663,0,0,0.00024673,0,0,0.00028461,0,0.00012356,0.00750748,0.00059363,0,0.001514,0.00240709,0.0009066,0,0.00184092,0.00070479,0.00205669,0.00085215,0.00196802,0.00063303,0.00088017,0,0.00088369,0,0,0,0,0,0.00218359,0.00014865,0,0,0.00072144,0.00176512,0,0.00125214,0.0007977,0,0,0,0.00272293,0,0.00118585,0,0,0.00064392,0,0.0012455,0,0,0,0,0,0.00035147,0,0,0,0,0,6.60E-05,4.28E-05,0,0.00161158,0,0,0,0,0,0.00206145,0,0,0.00058521,0,0,0,0,0,0.00013926,0,0,0.00073039,0,0,0,0,0.0011159,0,0,0,0,0,0,0,0,0,0,0,0,0,0,0,0,0,0,0,0,0,0,0,0,0,0,0,0,0,0,0,0,0,0,0,0,0,0,0,0,0,0,0,0,0,0
Sample_5043,0,0.02168662,0,0,0,0.00055719,0.00047895,0.00145128,0,0,0.00268114,0.00201693,0.00215637,0.00192636,0.00060349,0.00234158,0,0,0,0,0.00173243,0.00126222,0.0013183,0.00054274,0,0,0,0.00095137,0.00155289,0.00092289,0,0.00058595,0,0,0.00041917,0,0.00060851,0.00150597,0.00087056,0,0,0,0.00078689,0.00061082,0.00073145,0,0,0.00014207,0.00058136,0.00028702,0.00038313,0.00034225,0,0.00020402,0,0,0.00042406,0.00036509,0.00033516,0.00034144,0,0.00037034,0,0,0.00010888,0,0.00011222,0,0,0,0.00202205,0.00118802,0,0,0.00152539,0,0.00119801,0,0.00078664,0.0014115,0.00052679,0.00079067,0.0004731,0,0.00025021,0,0,0.00084682,0.00087393,0.00010876,0,0.00078889,0.00307559,0.00055678,0.00097352,0.00094591,0.00055396,0,0,0,0.00154246,0,0.00224278,0,0.00087562,0,0,0.00111026,0,0,0.00256693,0,0,0,0.00043604,0,0.0001888,0,0,5.03E-05,5.40E-05,0.00263921,0.00142015,0,0.00178392,0.00098945,0,0.00122684,0.00134936,0,0.00078967,0.00074727,0,0,0,0,0,0.00015335,0.00094858,0,0.0005688,0.00025915,0,0,0,0,0,0,0.0004111,0,0,0,0,0,0,0,0,0,0,0,0,0,0,0.00066268,0,0,0,0,0,0,0,0,0,0,0,0,0,0,0,0,0,0.00073885,0,0,0,0,0,0,0,0,0,0
Sample_5044,0.0163176,0.01423824,0.00099673,0.00495775,0,0.00616104,0.0028308,0.00133451,0,0,0.00217868,0.00149654,0.00211104,0.00193521,0,0.00082011,0.00165527,0,0.00069957,0.00152966,0.00092249,0.00192854,0.00221485,0.00125547,0.00076416,0.00035741,0.00057836,0.00368131,0,0.00071965,0.00182455,0.0012562,0,0,0,0.0007554,0,0.00116027,0.0004998,0,0,0,0.00055562,0,0.00043376,0.00097286,0,0,0,0.00055196,0,0.00052795,0,0,0.0002981,0.00045845,0.00049842,0.00023333,0,0,0,0.00055759,0,0,0.00012424,0,6.97E-05,0.01467724,0.00103765,0,0.00210138,0,0.00109781,0,0,0.00109652,0,0,0,0.00070139,0.00046268,0,0,0.00078374,0.00031558,0,0,0.00048326,0.00058386,0,0.00203478,0,0,0,0,0,0.00057588,0,0,0.00165141,0,0,0,0,0.00051812,0.00177335,0.00064759,0,0,0,0,0.00143708,0,0,0.00064283,0.00023943,0.00032762,0,0.00023104,0,4.51E-05,0,0.00085916,0,0,0,0,0,0,0,0,0,0,0,0,0,0,0.00013866,0.00018381,0,0.00057073,0,0.00037645,0,0,0.0009499,0,0,0,0,0,0,0,0,0,0,0,0,0,0,0,0,0,0,0,0,0,0,0,0,0,0,0,0,0,0,0,0,0,0,0,0,0,0,0,0,0,0,0,0,0,0
Sample_5045,0.01400085,0.01942645,0,0,0.00052218,0.00493771,0.00194762,0.00086043,0,0,0.00094984,0.00117956,0,0.00182562,0,0.00156328,0,0,0,0,0.00106167,0.00087476,0.00161847,0.00042601,0,0,0.00041558,0.00072676,0.00271212,0.00200493,0,0.00078094,0,0,0,0.00037764,0,0,0,0,0,0.00128121,0.00049238,0,0.00070323,0,0,0.00019718,0,0.00033431,0.00015585,0.00036822,0,0,0,0,0.00035548,0.0003607,0,0.00042124,0,0.0003589,0,0,0.00019187,0,0.00013199,0,0.00095492,0.00200769,0.00201242,0.00137896,0,0,0.00140386,0,0.00217397,0.00072847,0,0.00078946,0.00100853,0,0.00055606,0,0,0,0,0,0.00115457,0.00013527,0.00204801,0,0.00210793,0,0,0,0.00051982,0,0,0,0,0,0.0013351,0,0.00093707,0.00112134,0,0,0,0,0.0020955,0,0,0,0,0,0,0,0,6.47E-05,0,0,0,0.00194995,0,0,0.00110857,0.00070487,0,0,0,0.00042207,0,0.00024124,0,0.00023957,0,0.00020394,0,0.00201667,0.00059306,0,0,0,0,0,0,0,0,0.00049231,0,0,0,0.00033276,0.0009194,0,0,0,0.00037455,0,0,0,0,0,0,0,0,0,0,0,0,0,0,0,0,0,0,0,0,0,0,0,0.00049565,0,0,0,0,0,0,0,0,0
Sample_5046,0.01300341,0.01635497,0.00113106,0.00045158,0.0007354,0.01287903,0.00770661,0.00061148,0,0,0.00228695,0.00160099,0,0.00256698,0,0.00242914,0.00081168,0,0,0.00084933,0.00301335,0.00087706,0,0.0005503,0,0,0,0,0.00225388,0.00204195,0,0.00059761,0,0,0.00173554,0.00056129,0,0,0,0,0.00058885,0.00234609,0.00079359,0.00026629,0.00070561,0,0,0.00015926,0.00053054,0.00044774,0.00017646,0.00312573,0,0.00030692,0.00027957,0.00042028,0.00031411,0.00038417,0,0,0,0.00049753,0,0,0.00024731,0,0,0.00446447,0.00446384,0,0.00248988,0.00133327,0,0,0.00129378,0.00149506,0.00138073,0,0.00128849,0.00089012,0.00127398,0,0,0.00062051,0,0,0,0.00082183,0.00121431,0.00028275,0,0,0.00349423,0,0,0,0,0,0,0,0,0,0.00111942,0,0.00101591,0,0,0,0,0,0.00104243,0,0,0.00031889,0,0,0,0,0,0,0,0,0.00133377,0,0,0,0,0,0,0,0,0.00059984,0,0,0,0.00028579,0,0,0,0,0,0,0,0,0,0.00092022,0,0,0,0,0,0,0,0,0,0,0,0,0,0,0,0,0,0,0,0,0,0,0,0,0,0.00030093,0,0,0,0,0,0,0,0,0,0,0,0,0,0,0,0,0,0,0,0
Sample_5047,0,0.023325,0,0,0,0.00309882,0,0,0,0.00208147,0.00132452,0.00174825,0.00139792,0.00208672,0,0.00209171,0,0.00151933,0,0,0.00084711,0.00056342,0.00126759,0.0005419,0.0008286,0,0,0.00144443,0,0.00166378,0.00085865,0.00086035,0,0,0,0,0,0,0.00105355,0,0.00052439,0.0018018,0,0.00039855,0.00075215,0.00055867,0,0.00017814,0.00070003,0.0004987,0,0.00021776,0,0,0.0002847,0,0,0.00032676,0,0.00037434,0,0.00038115,0,0,0.00012463,0,0.0001124,0,0.0020202,0,0.00183601,0.00249113,0,0,0.0016394,0,0.00121043,0,0.00182228,0,0.00048307,0,0.00060842,0.00054729,0,0,0,0.00064176,0.00105249,0.00015984,0,0.00111721,0.00090061,0.00122893,0,0.00110362,0.00089491,0,0,0,0.00157261,0,0.00118992,0,0.00096102,0.00054459,0,0.00081332,0,0,0.00061772,0,0,0,0,0,0,0,0,0,4.56E-05,0.00202883,0.00182794,0,0,0.00130848,0.00111126,0.00126133,0.00194922,0.00079408,0,0.00122318,0,0.00025699,0,0.00026307,0,0,0,0,0,0,0,0.00044957,0.00027743,0,0,0.00079366,0,0.00029363,0,0,0,0.00036989,0.0007708,0.00162249,0,0,0,0,0.00099409,0,0,0,0,0,0,0,0,0,0,0,0,0,0,0,0,0,0,0.00150919,0,0,0,0.0002389,0,0,0,0,0,0,0,0
Sample_5048,0,0.01979841,0,0,0,0.00175375,0,0.00079488,0,0,0.00228125,0.00155569,0.00159087,0.00205907,0,0.00206322,0,0.00201066,0,0,0,0.00076151,0,0.00054363,0,0,0,0.00140323,0.00226971,0.00222729,0,0.00087325,0,0,0,0,0.00069962,0,0,0,0,0,0.00056216,0.0003816,0.00059531,0,0,0.00017651,0,0.00033763,0,0.00016079,0,0.00039364,0.0002482,0,0.0004086,0.00040691,0,0.00034131,0,0.0003647,0,0,0.00019665,0,0.00017387,0,0,0,0.00213745,0.0016996,0,0,0.00216683,0,0.00212585,0,0.00149216,0,0.00121473,0.00108355,0.0009336,0,0,0,0,0.00045341,0.00042154,0.00012431,0,0,0,0.00113359,0.00158955,0.00115636,0.00080497,0,0,0,0.00126969,0,0.00176598,0,0.00081311,0.00082364,0,0.00098606,0,0,0.00208797,0,0,0.00048228,0.00063088,0,0,0,0,5.62E-05,4.87E-05,0,0.00149752,0,0,0.0021878,0,0.00153416,0.00154837,0,0.00088263,0,0,0,0,0,0,0,0,0,0.0008375,0,0,0,0,0,0,0,0,0,0.00071301,0,0,0,0.00101292,0,0,0,0,0,0,0,0,0.00057914,0,0,0,0,0,0,0,0,0,0,0,0,0,0,0,0,0,0,0,0,0.00128598,0,0,0,0,0,0,0
Sample_5049,0,0.02338893,0,0,0,0.00217236,0,0.00083537,0,0,0.00160676,0.00119433,0.00127159,0.0018487,0,0.00168795,0,0,0,0,0.00092232,0.0004859,0,0.00049217,0,0,0,0.00128113,0,0.00195632,0,0.00045473,0,0,0,0.0004647,0,0,0,0,0.0004804,0.00106961,0,0,0.00066346,0,0,0.00015951,0.00056315,0,0,0.00046579,0,0,0.00025391,0,0,0.00036835,0.00053564,0.00028653,0,0.00034505,0,0,0.00021974,0,0.00014692,0.00427289,0.0010624,0,0.00178204,0.0023453,0,0,0.00165067,0,0.00155033,0,0.00151717,0,0.00101329,0.00109102,0,0,0,0,0,0,0.00083739,0.00042472,0,0,0,0.00116952,0,0.0009944,0.00088933,0,0,0,0.00133527,0,0.00180132,0,0.00096887,0,0,0.00072721,0,0,0.00127169,0,0,0.00086869,0.00080587,0,0,0,0,9.40E-05,0,0,0.00203877,0,0,0,0,0.00094959,0.00192473,0,0,0.00045191,0,0,0,0.00027963,0,0,0,0,0.00089724,0,0,0.00067368,0,0.00074582,0,0.0010847,0,0.00048338,0.00073086,0,0,0,0,0,0,0,0,0,0,0,0,0,0,0,0,0,0,0,0,0,0,0,0,0,0,0,0,0,0,0,0,0,0,0,0,0,0,0,0,0
Sample_5050,0.00282347,0.02712608,0.00062692,0.0008144,0.00056987,0,0.00199519,0.00115289,0.00024653,0,0.00241042,0.00154695,0.00190145,0.00160744,0.00070082,0.00090011,0,0.00195251,0,0,0.00101723,0.00067839,0,0.00063422,0,0.0004031,0.00041622,0.00307326,0,0.00102412,0.00105321,0,0,0,0,0.00039371,0.00055908,0.00088909,0.00096992,0,0,0,0,0.00048232,0.00066562,0.00085235,0,0.00018721,0,0.00068529,0.00017578,0.00026137,0.00046091,0,0.00034937,0,0.00051907,0.00043332,0.00036055,0.0004393,0,0.00056936,0,0,0.00018114,0,0,0.00612516,0,0,0.00164773,0.00234577,0,0,0.0015239,0.00056962,0,0,0.0016736,0.00078118,0.00072915,0,0,0.00103795,0,0,0,0.00037157,0.00114478,0,0,0,0,0.00204228,0,0.00164143,0.00090496,0,0.00254998,0,0,0,0.00355429,0,0.00089413,0.00090039,0,0.00131462,0,0.00098802,0,0.00044135,0,0,0.00031243,0.0005047,0.00027675,0,0,9.01E-05,5.65E-05,0,0,0,0,0,0.00093014,0.00161465,0,0.00100776,0.00105306,0.00064472,0.00047558,0,0,0,0,0.00017318,0,0,0.00078416,0,0,0.00050675,0,0.00100333,0,0,0,0.00073691,0.00057952,0,0,0,0,0.00213922,0,0,0,0.00124697,0,0,0,0,0,0,0,0,0,0,0,0,0,0,0,0,0,0,0,0,0,0,0,0,0,0.00059524,0,0,0,0,0,0
Sample_5051,0,0.03106699,0,0,0,0.00257614,0,0.00093859,0,0.00181816,0.00202064,0.00133011,0,0.002328,0,0.0025267,0,0,0,0,0.00084606,0,0.00165578,0.00047553,0,0,0.00047225,0.00138474,0.00181485,0.00203876,0,0.00068964,0,0,0,0,0.00066341,0,0,0,0,0,0,0.00029567,0.00073211,0.00044922,0,0.00016675,0,0,0,0,0,0.00041387,0.00027007,0,0,0.00035253,0,0.00054726,0,0.00021678,0,0,0.00036132,0,0.00015587,0,0,0,0.00117904,0.00159556,0.00103401,0.00093828,0.00179134,0,0.00160732,0,0.00154489,0,0.00108856,0,0.00084586,0,0,0,0,0,0,0.00018858,0,0,0,0.00068901,0.00087045,0.00087201,0.00064436,0,0.00157022,0,0,0,0.00135181,0,0.00081905,0.00077024,0,0.0007771,0,0,0.00062808,0,0.00062035,0,0,0,0,0,0,0,5.37E-05,0,0.00142386,0,0,0,0.00080481,0.00104382,0.00148234,0.00064399,0.00100798,0,0,0.00028253,0,0.00029245,0,0.00025185,0,0,0.00067235,0,0,0,0.00049231,0,0,0,0,0,0,0,0,0,0.00110145,0.00114426,0,0,0.00032673,0,0,0,0,0,0,0,0,0,0.00032423,0,0,0,0,0,0,0,0,0,0,0,0,0,0.00041883,0,0,0,0,0,0,0,0,0
Sample_5052,0.00167827,0.02442814,0,0,0,0.00401045,0.00240374,0.00082823,0,0,0.00266573,0.00215198,0.00159317,0.00163246,0,0.00224598,0,0,0,0,0.00078592,0.00116683,0,0.00059572,0,0,0,0.001441,0.0021557,0,0,0.00048924,0,0,0.00028154,0,0.00055109,0,0.00073374,0,0,0,0,0.00036741,0.00089613,0,0,0.00025038,0,0,0.00023432,0,0,0,0,0,0.00056131,0.00022776,0.00031694,0.00080682,0,0,0,0,0.00016727,0.00014645,0.00015209,0,0.00037634,0,0.00173119,0.00218702,0.00088945,0,0.00197829,0,0.00080522,0,0,0.00065488,0.00076121,0.00089012,0,0,0,0,0,0.0005719,0.00639663,0.00012159,0.00193945,0,0.00234878,0.001138,0.00105149,0.00107608,0,0,0,0,0.0013758,0,0.00199965,0,0.00070247,0,0,0.00122424,0,0,0.00268741,0,0,0,0,0,0,0,0,0.00012478,4.01E-05,0,0,0,0,0,0,0.00126805,0.00133485,0,0.00081762,0.00051753,0,0,0,0,0,0,0,0,0,0,0,0,0,0,0,0,0,0,0,0,0.00065723,0,0,0,0,0,0,0,0,0,0,0,0,0,0,0.00021621,0,0,0,0,0,0,0,0,0,0,0,0,0.00098625,0,0,0,0,0,0,0,0,0,0,0
Sample_5053,0.00536847,0.02737313,0.00069581,0,0,0,0.00431889,0.00064577,0,0,0.00188479,0.00133199,0.00127563,0.00168705,0,0.00092679,0,0.00164814,0,0,0.0012564,0.00040166,0,0.00065437,0.00092595,0,0.0005933,0.00092532,0,0.00150178,0.00087245,0.001207,0,0,0,0,0.00060356,0,0.00109961,0,0,0.00141945,0,0.00034333,0.00104492,0.00067038,0,0,0,0.00025913,0,0,0,0,0,0,0.00076379,0.0005337,0,0.00058295,0,0.00026621,0.000179,0,0,0.00013016,0.00013444,0,0,0,0.00107483,0.00235292,0,0,0.00200894,0.00057908,0,0,0.00142148,0,0.00083968,0,0.00099296,0.0013974,0,0,0,0,0.00335659,0.00013011,0,0,0,0.00123462,0.00146162,0.0012022,0.00068015,0,0,0,0.002096,0,0.00181441,0,0.00089542,0.00089569,0,0.00157717,0,0.00070181,0,0.00030426,0,0.00025083,0.00039278,0,0,0,0,0.00010153,5.06E-05,0.00201073,0.00130545,0,0,0.00152198,0.00127884,0.00114956,0.00272624,0,0,0.0006471,0,0,0.00073338,0.00025175,0,0,0,0,0.00088815,0,0.00063872,0.00051513,0,0.00113407,0,0.00074585,0,0.00044481,0,0.00063509,0,0.00035466,0.00070603,0.00164932,0,0,0,0,0,0,0.00035371,0,0,0,0,0.00036185,0,0,0,0,0,0,0,0,0,0,0,0,0,0,0,0,0,0,0.00058226,0,0,0,0,0
Sample_5054,0.00447572,0.02727664,0,0,0,0.00047555,0.00084291,0,0,0.00129197,0.00119875,0.00100512,0,0.00251482,0.00060237,0.00155162,0,0,0,0,0.00131988,0.00067372,0.00115801,0.00058818,0,0.00044893,0,0.00142714,0,0.00171031,0.00141801,0,0,0,0,0.00036377,0.00052071,0,0.00094566,0,0.00052173,0.00215824,0,0.00052722,0.00094161,0,0,0.0001816,0.00058206,0.001091,0,0.00041933,0,0,0.00029553,0,0,0.00047122,0.00031151,0,0,0.0003545,0,0,0.00028336,0.00011589,0.00013743,0.00370144,0.00092631,0.00218284,0.00276065,0.00139537,0,0,0.00205241,0.0007634,0,0.00165465,0.00166782,0,0.00114715,0.00144294,0,0,0,0.00050738,0,0,0.0019862,0,0.00177633,0,0.00309765,0,0.00108306,0.00077229,0.00108375,0,0,0,0,0,0.00203886,0,0.00096881,0.0014209,0,0.00047876,0,0,0,0,0,0,0,0,0,0,0,8.47E-05,0,0,0.00131223,0,0,0.00165771,0.00100021,0.00132311,0,0,0,0.00042355,0,0,0.00055402,0.00031568,0,0,0,0.00282088,0.00106123,0.00045423,0,0,0,0.00090136,0,0,0,0.00052649,0,0,0,0.0002415,0,0.00131798,0,0,0.0006498,0,0,0,0,0,0,0,0,0,0,0,0,0,0,0,0,0,0,0,0,0,0,0,0,0,0,0,0,0.00037449,0,0,0,0
Sample_5055,0.01709552,0.02672783,0.00076456,0.00031918,0.0038444,0.0043572,0.00134691,0.00108693,0.00026486,0,0.00315103,0.00135785,0.00263482,0.00203635,0,0.00199888,0,0,0,0,0.00054685,0,0,0.00102143,0,0.00061486,0.00030778,0,0,0.00128884,0.00119093,0.00178154,0,0.00070919,0.0004611,0.00071246,0,0.00163353,0.00152002,0,0,0,0,0.00039535,0.00061919,0.00054312,0,0.00017152,0.00067559,0.00045605,0.00018091,0,0,0,0.00024616,0,0.00076635,0.00035425,0,0.00032479,0,0.00028801,0,0,0.0001601,0.00012206,0,0.00378366,0,0,0.00116438,0.00212181,0,0,0.00142345,0.00115576,0,0,0.00136204,0.00098497,0.00079617,0,0,0,0,0,0,0.00061338,0.00113568,0.00023481,0.0008707,0,0.00099696,0.00165517,0,0.0010991,0.00058527,0,0,0,0,0,0.00160777,0,0.00094995,0.00118176,0,0.00124037,0,0,0.00035595,0,0,0,0,0,0,0,0,7.45E-05,0,0.00283015,0.00157492,0,0,0.00136821,0,0.00094106,0.00132447,0,0,0.00086116,0,0,0,0.00024546,0,0.00015802,0,0,0.00202605,0.00035872,0.00059549,0.00068623,0,0.00170648,0,0,0,0.00039259,0.00056582,0,0.00041572,0.00052905,0,0,0,0,0,0,0,0,0,0,0,0,0,0,0,0,0,0,0,0,0,0,0,0,0,0,0,0,0.00037967,0,0,0,0,0,0,0,0,0
Sample_5056,0,0.02701534,0,0,0,0.00241151,0,0,0,0.00126953,0.00202419,0.00143153,0.00134239,0.00187422,0,0.00240331,0,0,0,0,0.00074911,0.00072479,0.00186188,0.0005067,0,0,0.00041525,0.00127269,0,0.00205362,0.00168438,0.00104692,0,0.00040052,0.00040661,0.00040521,0.00071134,0,0,0,0,0,0,0.00028768,0.00063901,0,0,0.00020086,0.00061075,0.00033349,0,0,0,0,0.00028872,0,0.00044075,0.00030598,0.00029917,0.00068058,0.00027738,0,0,0,0.00027236,0,0.00018049,0,0,0,0.001999,0.00236885,0,0.00061588,0.00195246,0,0.0017115,0,0.00167376,0,0.00098698,0,0,0.0006267,0,0,0,0,0.00112846,0.00015796,0,0,0.00138583,0.00131824,0,0.00133073,0,0,0,0,0.00178172,0,0.00201048,0,0.00089176,0.00079914,0.00032056,0.00120604,0,0,0.00047824,0,0.00043817,0,0,0,0,0,0.00026629,0,6.11E-05,0,0.00160585,0,0.00151472,0,0.00071411,0.00132891,0.00221882,0.00092878,0,0.00029508,0,0.00026791,0,0.00022542,0,0,0,0,0.00082068,0,0,0.00074517,0,0,0,0,0,0,0,0,0,0,0,0,0.00032553,0,0,0,0,0,0,0,0,0,0,0.00033005,0,0.00042288,0,0,0,0.00022319,0,0,0.00048259,0,0,0,0,0,0,0,0,0,0,0,0,0,0,0
Sample_5057,0.01360059,0.02262355,0.00102663,0,0,0,0.00125773,0,0,0.00122641,0.00213623,0.00125465,0.00254643,0.00213063,0.00053935,0.00131112,0.00212923,0,0,0,0.00079667,0.00052245,0,0.00053929,0,0.00055378,0,0.00212232,0.00198511,0.00147001,0.00132529,0,0,0,0,0,0.00069436,0.00102919,0.0013193,0,0.00055016,0,0,0.00039378,0.00080491,0.0006203,0,0.00027582,0.00116396,0.00066114,0,0.00031963,0.00051544,0,0.00032213,0,0.00040375,0,0.00055319,0.00044375,0,0.000503,0.00026972,0,0.00035453,0.0002675,0.00019703,0.0059072,0,0,0.00168312,0.00139179,0.00072495,0,0.00199998,0.00096745,0,0,0,0,0.00076415,0,0,0.00129487,0,0,0,0,0.00139082,0,0.00387711,0,0.00534337,0.01005052,0,0.00090574,0.00113821,0,0,0,0.0019168,0,0.00234716,0,0.00124304,0.00124979,0,0.00094112,0,0.00113673,0.00060114,0.00049529,0,0.00034855,0,0,0.00031873,0,0,9.24E-05,4.50E-05,0.00392476,0.00148337,0,0,0,0,0,0.00152164,0,0,0.00068012,0.00042272,0,0.00057695,0.00049129,0,0.00012721,0,0.00106621,0.00109662,0.00073595,0,0.00103568,0,0.00197089,0,0,0,0,0,0.00076004,0,0,0,0.00153273,0,0,0,0.00113018,0,0,0,0,0,0,0,0,0,0.00050801,0,0,0,0,0,0,0,0,0,0,0,0,0,0,0,0,0,0.00095806,0,0,0,0
Sample_5058,0.00913259,0.02149888,0.00032816,0,0,0.00212482,0,0,0,0,0.00212417,0.00141207,0.00168928,0.00187935,0,0.00248868,0.00098948,0,0,0,0.00107591,0.00091219,0,0.00054783,0.00086924,0.00119117,0.00031607,0,0.00192838,0.0018722,0,0.00082425,0,0,0,0.00058726,0,0,0,0,0.00064065,0,0,0.00035941,0.00066934,0.00071722,0,0.00024848,0.00058017,0.00064375,0.00016035,0.0002074,0,0,0.00028325,0,0.0004028,0.00027397,0.00035968,0,0,0,0,0,0.00018377,0.00010982,0.00022392,0.00317204,0.00054704,0,0.00145169,0,0.00068695,0,0.00119498,0,0.00131746,0,0,0.00072445,0.00100768,0,0,0,0,0,0.00016264,0,0.00725191,0.00013807,0,0,0.00699495,0,0,0,0,0,0,0,0,0,0.00125705,0.00098504,0,0,0,0.00050056,0,0,0.00106675,0,0,0,0,0,0,0,0,0,0,0,0,0.00203712,0,0.00145196,0.00080809,0,0,0,0,0,0,0,0,0.00025654,0,0.00013585,0,0,0,0.00034957,0,0.00064131,0,0,0,0,0,0,0,0,0.00072269,0,0,0,0,0,0,0,0,0.00031161,0,0,0,0,0,0,0,0,0,0,0,0,0,0,0,0,0,0,0,0,0,0,0,0,0,0,0,0,0,0
Sample_5059,0,0.00064448,0,0,0,0.00538132,0,0,0,0.01035991,0.00098103,0,0,0.00129476,0,0,0.00251341,0,0,0,0,0,0.00089977,0,0,0,0,0,0,0,0,0.00040856,0.00292727,0,0,0,0,0,0,0,0,0,0,0,0,0,0,0,0,0.00026519,0,0,0,0,0,0,0,0,0,0,0,0,0,0,0,0,0,0,0.00059019,0,0,0,0.00366239,0,0,0,0.01067647,0.00130276,0,0,0,0,0,0,0,0,0,0,0.00296937,0,0.00161095,0.00203114,0.00109777,0.00058634,0,0.00071103,0,0.0030717,0,0,0,0,0.01178011,0,0,0,0,0,0,0,0,0,0,0,0.00025061,0,0,0,0,0,3.13E-05,0,0,0,0.00470055,0.00136406,0,0,0,0.00105497,0,0,0,0,0,0,0,0,0.00339573,0.00563131,0,0,0,0,0,0,0,0,0,0,0,0,0,0,0,0,0.00021936,0,0,0,0.02023333,0,0,0,0,0,0,0,0.00011438,0,0,0,0,0.00032472,0,0,0,0,0,0.00320404,0,0,0,0,0,0,0,0,0.00037244,0,0,0
Sample_5060,0.00090062,0.02004274,0,0.000285,0,0.00529872,0.00281774,0.00108146,0,0,0.0022045,0.00190425,0.00212414,0.00155838,0,0.00190964,0,0.0014894,0,0,0.00104469,0.00106473,0.00100966,0.00057813,0,0,0.00045028,0.0013027,0,0.00133118,0,0.00069592,0,0,0,0,0.00063998,0,0.00072598,0,0,0,0,0.00040715,0.00072257,0.00032526,0,0.00019758,0,0,0.00022236,0.00025621,0,0,0.0002859,0,0.00074116,0.00031563,0.00040252,0,0,0.00032867,0,0,0.00015424,0,0.00014886,0,0,0,0.00170033,0.00195206,0.00050585,0,0.00192197,0,0.0009525,0,0.00132321,0.00078754,0.0009536,0,0.00101448,0,0,0,0,0,0.00328607,0.00019905,0,0,0.00042181,0.00112672,0,0.00105117,0.00065634,0,0,0,0.00205129,0,0.00133155,0,0.00085306,0.00101403,0,0.00125531,0,0,0,0,0,0.00072687,0.00051941,0,0,0,0,4.52E-05,5.27E-05,0.00205243,0.00154381,0,0.00119529,0.00130573,0.00075279,0.0012781,0.00175956,0,0,0.00050252,0,0,0,0,0,0.00018022,0,0,0.00089804,0,0,0,0,0,0,0,0,0,0.00059572,0.00019117,0,0.00018001,0,0.00115018,0,0,0,0,0,0.00073105,0,0,0,0,0,0,0,0,0,0,0.00061208,0,0,0.00042598,0,0,0,0,0,0,0,0,0,0,0,0,0,0,0,0
Sample_5061,0,0.0185628,0,0,0,0.00157426,0,0,0,0,0.00193336,0.0015157,0.00279971,0.00122634,0,0.00254898,0,0,0.00035299,0,0.00216586,0.00110189,0.00148682,0.00065226,0,0,0,0,0.00221499,0.00101446,0,0.00062483,0,0,0,0,0,0,0.00051417,0,0,0.00146244,0.00060967,0.00032566,0.00071149,0,0,0,0,0,0.0003063,0.00115993,0,0,0,0.00047588,0.00058462,0,0.00028657,0,0,0.00032827,0,0,0.0001982,0,8.90E-05,0.0078524,0.0023751,0.00159583,0.00136607,0.0022102,0.00066167,0,0.00096286,0,0.00144568,0.00060154,0.00144166,0.00094604,0.00108757,0.00098388,0.00088958,0,0.00029004,0,0.00017216,0.00069921,0.00588061,0.00015614,0,0,0,0.00235979,0.00089536,0.00171455,0.00064046,0,0,0,0.00201516,0,0,0,0.0007678,0,0,0.00078381,0,0,0.00230636,0,0,0,0,0,0,0,0,4.87E-05,0,0,0.00110434,0,0,0.00146341,0,0.00059929,0.00222829,0.00086954,0.00071328,0,0,0,0,0,0,0,0,0,0.00069344,0,0,0,0,0,0,0,0,0,0,0,0,0,0,0.00113845,0,0,0.00025739,0,0,0,0.00036669,0,0,0,0,0,0,0,0,0,0,0,0,0,0,0,0,0,0.00028922,0,0,0,0,0,0,0,0,0,0,0
Sample_5062,0.0079752,0.02067848,0.00108319,0,0,0.00277537,0.00178855,0,0,0.00170489,0.00204812,0.00108585,0.00170699,0.00203949,0,0.00198196,0,0.00195749,0,0,0.00134781,0.00082115,0,0.00056479,0.0008182,0,0.00035281,0.00158835,0.0014156,0.00173481,0.00120604,0.00058216,0,0,0,0,0,0,0,0,0,0,0,0.00034677,0.00068745,0.00059275,0,0,0,0.0005599,0.0001713,0.00045583,0,0,0,0,0.00050383,0.00029848,0.00032113,0.00027661,0,0.00026862,0,0,0.00022509,0,9.33E-05,0.00475059,0.00112009,0,0,0.00112923,0,0,0.0019715,0,0.00161519,0.00073292,0.0008986,0,0.00100987,0,0.00099948,0.00053994,0,0,0.00064548,0,0.00028693,0.00016827,0.00110551,0,0.00083311,0,0.00123604,0,0.00048131,0,0,0,0,0,0.00131397,0,0.00072476,0.00153547,0,0,0,0,0,0,0,0,0,0,0,0,0,5.31E-05,0,0,0,0,0,0.00180447,0.00080417,0.00100387,0,0,0,0.00052827,0,0,0.00047603,0.00029127,0,0,0,0,0.00074425,0.00055857,0,0,0,0,0,0,0,0.00054391,0,0.00014294,0.00024951,0,0.00098592,0,0,0,0.00036681,0,0,0,0,0,0,0,0,0.00017117,0,0,0,0,0,0,0,0,0,0,0,0,0,0,0,0,0,0,0,0,0,0,0,0
Sample_5063,0.00563509,0.0126847,0,0,0,0.0018557,0,0,0,0.00087681,0,0,0,0.00101418,0,0.00097327,0,0,0,0,0.00350638,0,0.00152722,0.00049861,0,0,0,0,0,0.00132483,0,0.00060012,0,0,0.00427011,0.0004517,0,0.00087476,0,0,0,0.00107136,0.00088629,0,0.00040751,0,0,0,0.00077664,0.00030456,0.00014678,0.00642594,0,0,0.00022506,0,0,0.00019342,0,0.00025155,0,0.00033056,0,0,0,0,0,0.00950839,0.00683822,0,0.00097068,0.00119488,0,0,0.00080965,0.00199132,0.00055998,0.00315311,0,0,0.00078956,0,0,0,0,0,0,0.00132887,0.0002279,0.00011462,0.00356253,0,0.00044915,0.00058499,0,0.00174731,0,0,0,0,0,0,0,0,0.00078735,0,0,0,0,0,0,0,0,0,0,0,0,0,0,4.33E-05,0,0.00336883,0,0,0,0,0,0.00105199,0,0,0,0.00090701,0,0,0,0,0,0,0,0,0,0,0.00059228,0,0,0,0,0,0,0.00037541,0,0,0,0.00043435,0,0,0,0,0,0,0,0,0,0,0,0,0,0,0,0,0,0,0,0,0,0,0,0,0,0,0,0,0,0,0,0,0,0,0,0,0,0
Sample_5064,0.01728041,0.01671894,0.00199252,0,0.00409735,0,0.00390234,0.00088826,0,0,0.00258802,0.00226318,0.00130107,0.00225318,0,0,0.00185353,0.00186584,0,0,0.00150134,0.00109404,0,0.00073918,0,0,0,0.00215482,0,0.00109894,0,0,0,0,0.00105785,0,0,0.00163842,0.00070063,0,0,0.00122156,0.00061331,0.00038938,0.00078857,0,0,0.00029459,0,0.00041303,0.0002661,0.00123307,0,0.00040491,0.00043149,0.00044328,0.00053416,0,0,0.00042586,0,0,0,0,0.00013855,0,0,0.01129208,0.00164782,0,0.00111432,0.00098416,0,0.00088853,0.00129591,0.00120127,0,0,0.0016144,0.00118464,0.00115247,0,0,0.00112962,0,0,0,0,0.0015516,0,0.03473016,0.00066957,0.00326348,0.0004547,0,0,0,0,0.00196811,0,0.00147328,0,0.00161117,0,0,0.00208176,0.00048776,0.00042817,0,0,0,0,0,0.00051558,0,0,0,0,0,0,7.16E-05,0,0,0,0,0,0.00179886,0,0,0,0,0,0,0.00032495,0,0.00023056,0,0,0,0,0.00106584,0.0002804,0,0.00070255,0.0004212,0.01086085,0,0,0.00041828,0,0,0,0,0,0,0,0,0,0,0,0,0,0,0,0,0,0,0,0,0,0,0,0,0,0,0,0,0,0,0,0,0,0,0,0,0,0,0,0,0.00058628,0,0
Sample_5065,0.00200805,0.01855217,0,0.00054461,0,0.00478525,0.00289701,0,0,0.00148472,0.00195516,0.00160437,0.00192867,0.00241871,0.00079774,0.00136054,0,0.00152349,0,0,0.00122747,0.00124635,0.00129932,0.00058653,0,0,0.00033382,0.00140902,0.00245588,0.0014066,0.00092239,0.00081415,0,0,0.00042124,0,0.00095354,0,0,0,0,0.0012444,0,0.00044092,0.00136921,0.00040137,0,0,0,0,0,0.00019148,0,0.00034063,0,0,0.00056613,0.00032438,0.00037358,0,0,0.00025349,0,0,0.00026038,0,0.00010461,0,0,0,0.00115238,0.00233804,0,0,0.00097443,0,0.00282025,0,0.0017013,0,0.00098203,0.00108126,0.00078494,0.00060799,0,0,0,0.00054591,0.00080283,0.00036215,0,0,0.00268998,0.00198528,0,0,0.00074514,0,0,0,0.00258008,0,0.00212836,0,0.00095939,0.0018941,0,0.00140725,0,0.0009662,0.00328079,0.00027258,0,0.00071192,0.00056938,0,0,0,0,5.13E-05,0,0,0.0010446,0,0.00138414,0,0.0016204,0.00137284,0.00128635,0.00083337,0.00104989,0.00056924,0,0.00029015,0.00037013,0,0,0.00016696,0.00034712,0.00097416,0.00101425,0.00038771,0.00079191,0,0,0,0,0,0,0,0,0,0,0,0,0.00102911,0,0,0.00056259,0,0,0,0,0.00156083,0,0.00080854,0,0,0,0,0,0,0,0,0,0,0,0,0,0,0,0,0,0,0.00089299,0,0,0,0,0,0.00065859,0
Sample_5066,0,0.01761348,0,0.00044291,0,0.00277026,0,0.00108223,0,0.00111245,0.00053101,0.00149149,0.00204269,0.00222926,0,0.00259378,0,0,0,0,0.00168307,0.00046499,0.00151023,0.00060364,0,0,0,0,0.00225388,0.00125454,0,0.00057675,0,0,0,0,0.00079881,0,0.00081813,0,0,0,0.00073085,0.00042986,0.00062744,0.00077668,0,0,0,0,0.00016329,0.00085719,0,0.00038781,0.00024187,0,0.00073142,0.0002429,0.00034397,0,0,0.00032112,0,0,0.00025376,0,0.00028975,0,0.00208037,0,0.00164162,0.00192684,0,0,0.00187522,0,0.00249154,0.00041278,0.00156984,0,0.000809,0,0.0006746,0,0,0,0,0.00051319,0.00075731,0.00023264,0,0,0.00213522,0.00145745,0,0.00144408,0.00082506,0,0,0,0.00184736,0,0.00188023,0,0.00086321,0,0,0.00110763,0,0.00132526,0.00269551,0,0,0,0,0,0,0.00082152,0,6.41E-05,4.00E-05,0,0.00156664,0,0,0,0.00086257,0.00134628,0.00164961,0,0.00073253,0.00073737,0,0.00023287,0,0.00023205,0.00034915,0,0.00041991,0,0.00072295,0,0.00085676,0.0006481,0,0,0,0.0007503,0,0.00050781,0,0,0,0.00047149,0,0,0,0,0.00038581,0,0,0,0,0.00137684,0.00128245,0,0,0,0,0,0,0,0,0,0,0,0,0,0,0.00124664,0,0,0,0,0,0,0,0,0,0,0,0
Sample_5067,0.00329037,0.02343596,0.00043319,0,0,0.00381576,0,0,0,0.0016536,0.00184995,0.00109046,0.00203716,0.0020901,0,0.00166444,0,0,0,0,0.00130891,0.00086947,0,0.0004044,0,0,0,0.00223766,0.00424452,0.00184881,0.00148057,0.00078174,0,0,0,0.00047049,0,0.00081866,0.00091976,0,0,0.00160856,0.00057367,0.00035681,0.000551,0,0,0.00019836,0.00057396,0.00053673,0,0.0006642,0,0.00041667,0,0,0.00032999,0.0002915,0.00040709,0.00042561,0,0,0,0,0.00020987,0.00014072,0.00023637,0.00741564,0.00163514,0.00218691,0.00181312,0.00289286,0.00050482,0,0.00216406,0.0007966,0.00092015,0.00064309,0.00125983,0,0.00081641,0.0016279,0,0.00056527,0,0,0,0,0.00051187,0.00015117,0,0,0.00094996,0.00210251,0,0.00146996,0,0.00077643,0,0,0.00135439,0,0,0,0,0,0,0.00122909,0,0,0.00045459,0,0,0,0,0,0,0,0,7.62E-05,5.30E-05,0,0,0.00196662,0,0,0,0,0.00248159,0,0.00079302,0,0,0,0,0,0,0.00014485,0,0,0.00076701,0,0.00073458,0.0004879,0,0.00114184,0,0,0,0,0.00065068,0,0,0,0,0,0,0,0,0,0,0,0,0,0,0,0,0,0,0,0,0,0,0,0,0,0,0,0,0,0,0,0,0,0,0,0,0,0,0,0,0
Sample_5068,0.00249312,0.0220365,0,0,0.00104214,0.00290098,0.0013332,0.00120676,0.00056385,0.0010224,0.00233179,0.00176844,0.00254883,0.00207148,0,0.0009483,0.00092433,0.00156888,0,0,0.00137273,0.00097785,0,0.000653,0,0,0,0.00146772,0.00192507,0.0008155,0,0.00032168,0,0.00051929,0,0.00047482,0,0.00083657,0,0,0.00068217,0.00125423,0.00052874,0.00037379,0.00052402,0.00063722,0,0.00022554,0.00089752,0.00031164,0.00032016,0.00039494,0,0.00038899,0.00025169,0,0.00033435,0.00042318,0.00031087,0,0,0.00027926,0,0,0.00027315,0,0.00022944,0.00563288,0.00097187,0.00254432,0.00177414,0.00266734,0.00134791,0,0.00119109,0.00072596,0.00141556,0,0.0014526,0.00087967,0.00126762,0,0.00090667,0,0,0,0,0,0.00089297,0.00010211,0,0,0.00081447,0.00180515,0,0.00117007,0.00067074,0,0,0,0,0,0,0,0,0.0005897,0,0.00128757,0,0,0.00051775,0,0,0,0,0,0,0,0,7.95E-05,5.01E-05,0,0,0,0,0,0,0,0.0012126,0.00068818,0.00063955,0,0,0,0,0.00024437,0,0.00011478,0,0,0.00060909,0.0003351,0.00069507,0,0,0,0,0,0,0,0,0,0,0,0,0,0,0,0.0004966,0,0,0,0,0,0,0,0,0,0.0007999,0,0.0005455,0,0,0,0,0,0,0,0,0,0,0,0,0,0,0,0,0,0,0,0,0
Sample_5069,0,0.02072616,0,0,0,0.00140773,0.00048375,0.00089098,0,0,0.00228071,0.00214476,0.0023143,0.00198909,0,0.0035776,0,0,0,0,0.00119584,0.00097333,0.00102141,0.00069735,0,0,0.00058539,0,0.00180022,0.00167347,0,0.0009338,0,0,0,0,0,0.00093205,0.0009108,0,0,0,0,0.00034977,0.00082112,0.00056758,0,0.00027585,0,0.0003118,0.00024175,0,0,0,0.00029366,0,0.00056401,0.00024075,0.00050276,0,0,0.00055533,0,0,0.00020245,0,9.69E-05,0,0,0,0.00182022,0.00103102,0,0,0.00202682,0,0.00171231,0,0.00103071,0.0012784,0.00090232,0,0,0,0.00032075,0,0,0,0.00235147,0.00077992,0,0.00101541,0.00461143,0,0.00154171,0,0.00081841,0,0,0,0.00193716,0,0.0014161,0,0.00093019,0.00049291,0,0.00147849,0,0,0.00153179,0,0,0,0.00053625,0,0,0,0,5.84E-05,4.92E-05,0.00293836,0.00139929,0.00255987,0,0,0,0.001195,0,0.00080431,0.00055134,0.00060423,0,0.00025175,0,0,0,0,0,0,0.00084592,0.00029963,0.00057309,0.00073233,0,0,0,0.00052686,0,0,0,8.99E-05,0,0.00026494,0,0.00123223,0,0,0,0,0.00120336,0,0,0.00062418,0,0.00064107,0,0,0,0,0,0,0,0,0,0,0,0,0,0,0,0,0,0,0,0,0,0,0,0,0.00040148,0
Sample_5070,0.00956823,0.02380062,0,0,0.00125222,0.00678415,0.00158162,0.00073154,0,0,0.00324256,0.00218398,0.00121587,0.00190684,0,0.00210858,0,0,0.00024329,0,0.00126862,0.00122672,0,0.0006768,0,0,0,0.00137249,0,0.00170777,0,0.0009276,0,0,0,0.00036539,0,0.00098251,0.00070311,0,0,0,0.0008274,0.00039218,0.00063998,0.00052537,0,0.00016501,0,0.00038159,0.00032666,0.00045774,0,0,0.00026003,0.00056357,0,0.00028165,0.0004669,0,0,0.00026866,0,0,0.00014733,0,0.00015896,0.00486189,0,0,0.00158926,0.00166176,0.00079235,0,0.00079803,0,0.00107898,0,0.00092495,0.00118222,0.00095918,0,0.00046659,0,0,0,0.00051148,0,0.00033881,0.00015986,0,0,0.00138496,0.00161702,0.00094699,0.00106482,0.00050801,0,0,0,0.00192877,0,0,0,0,0,0,0.00098878,0,0,0.00221156,0,0,0,0.00040356,0,0,0,0,0,4.25E-05,0.0026389,0.00094368,0,0,0,0,0.00080843,0.00160079,0.00057061,0.00089252,0.00053366,0,0,0,0.00025421,0,0.00015892,0,0.00098707,0,0.0006153,0,0,0,0,0,0,0,0,0,0.00045008,0,0,0,0,0,0,0,0,0,0,0,0,0,0,0,0,0,0,0,0,0,0,0,0,0,0,0,0,0,0,0,0,0,0,0,0,0,0,0,0
Sample_5071,0,0.02256231,0,0,0,0,0.00601589,0.00089676,0,0,0.00253444,0.00188517,0.00280837,0.00184136,0,0.00181803,0,0,0.00034395,0,0.00169024,0.00100126,0.00123038,0.00076549,0,0,0.00035556,0.00117098,0,0,0,0,0,0,0.0005927,0.00043915,0.00077774,0,0.00081634,0,0.00069697,0.00156984,0,0.00042629,0.00087836,0,0,0.000184,0.00047131,0.00070855,0.00035845,0.00101163,0,0,0.00035087,0.00057671,0.00059013,0.00026554,0,0,0,0.00037675,0.00022,0,0.00020043,0.0002183,0,0.00671866,0.0024907,0.00223977,0.00184435,0.00114893,0,0,0.00157416,0.00172277,0,0.00103238,0.00120771,0.00153079,0.00074934,0.00132891,0,0,0,0,0,0.00069791,0.00134507,0.00015347,0,0,0.00135008,0,0,0.00085434,0.00084259,0,0,0,0,0,0,0,0.00111212,0,0,0,0,0,0.00070854,0,0,0,0,0,0,0,0,9.12E-05,0,0,0,0,0,0,0,0.00130636,0,0,0,0.00068497,0,0,0.00201164,0.0003789,0,0.00023093,0,0,0.00095496,0,0,0,0,0,0,0,0,0.00060999,0,0,0,0.0003254,0,0,0,0,0,0,0,0,0,0,0,0,0,0,0,0,0,0,0,0,0,0,0,0,0,0,0,0,0,0,0,0,0,0,0,0,0,0
Sample_5072,0.00649047,0.01332848,0,0,0,0.00293294,0.00074144,0.00105438,0,0,0.0029308,0.00225922,0.00223548,0.00162339,0,0.00261976,0,0.00109402,0,0,0.00152003,0.00107728,0.00140863,0.00058552,0.00090693,0,0,0.00110944,0.00261217,0.00136885,0,0.00130339,0,0,0,0,0.00064526,0,0.00057566,0,0,0,0,0.00047179,0.00052421,0.00077298,0,0.00023781,0,0,0.00027996,0.00023795,0,0,0.00026052,0,0.0004621,0.00034407,0.00033748,0.0002561,0,0.00029698,0,0,0.00015667,0,0.00013892,0,0.00067413,0,0.0010969,0,0,0,0.00170363,0,0.00107495,0,0,0.00113116,0.00061569,0,0,0,0,0,0,0,0.00117019,0,0,0,0.00524815,0,0,0,0.00045122,0,0,0,0,0,0.00231345,0.00099778,0,0,0,0.00052153,0,0,0.0026122,0,0,0,0.0003875,0,0,0,0,4.35E-05,4.65E-05,0.00380017,0.00136515,0,0,0.00110153,0,0.00093594,0,0,0,0.00064912,0,0.00023506,0.00041182,0,0,0.00016484,0,0,0,0.00061713,0,0,0,0.00093017,0,0,0,0,0,0,0,0,0,0,0,0,0.00065527,0,0,0,0,0.00077438,0,0.00077583,0,0,0,0,0,0,0,0,0,0,0,0,0,0,0,0,0,0,0,0,0,0,0,0,0,0
Sample_5073,0,0.02184143,0,0,0,0.00629356,0,0.00094271,0,0,0.00187434,0.00153045,0.00168497,0.00200448,0,0.00297245,0.00168024,0.00072165,0,0,0.00097116,0.00107698,0.00146383,0.00061184,0,0,0.00037513,0.001653,0.00489823,0.00223737,0,0.0014593,0,0,0,0,0.00050966,0.00201277,0,0,0,0.00087277,0,0.00028806,0.00049186,0.00103786,0,0.00019758,0,0.00089147,0.00016515,0.00020439,0,0.00039142,0.00029321,0,0.00057404,0.00030593,0.0004163,0.0004002,0.00029562,0,0,0,0.00017261,0,0.00032129,0.00422287,0.00092734,0,0.0011076,0.00241979,0,0.00079739,0.0015292,0.00104537,0.00184154,0,0.00124706,0.00044872,0.00127494,0,0,0,0,0,0,0.00032893,0.00063777,0.00023203,0.00107093,0,0.00824129,0.00138215,0.00195749,0.00109808,0,0,0,0,0.0018804,0,0.001569,0.00059322,0,0.00126251,0,0.00154046,0,0,0.00162185,0,0,0,0.00026988,0,0,0,0,0,4.77E-05,0,0.00170186,0,0,0,0,0,0.00243731,0.00062051,0.00066721,0,0.00109374,0.00025884,0,0.00023049,0.00023882,0,0.00136958,0,0.00092708,0,0,0.00063632,0.0001804,0,0,0,0,0,0,0.00062579,0.00040802,0,0,0,0,0,0,0,0,0,0,0,0,0.00080765,0,0,0,0,0,0,0,0,0,0,0,0,0,0,0,0,0,0,0,0,0,0,0,0,0,0
Sample_5075,0.01350642,0.02137187,0.00249211,0.00047671,0,0.00108031,0.00162282,0,0,0,0.00194473,0.00145317,0.0020568,0.00157178,0,0.00130284,0,0.00099978,0,0.00141379,0.00112252,0.0011883,0.00127753,0.00054037,0.00076325,0.00166606,0.00040664,0.00164817,0,0.00142952,0,0.00048453,0,0,0,0,0.00061621,0.00123815,0.00067644,0,0.00050222,0,0.0004981,0.00039591,0.00124514,0.00039943,0,0.00065447,0.00049178,0.00087148,0.00028455,0.0002903,0,0,0.00032963,0,0,0.00023622,0,0.00022823,0.00037012,0,0,0,0.00025917,0,9.18E-05,0,0.00085685,0,0.00111822,0,0,0.00029181,0.00086102,0,0.00169651,0.00061175,0,0,0.00060014,0,0.00057833,0,0,0,0,0,0.00023092,0.00010088,0,0,0.00075815,0,0,0,0,0,0,0,0,0,0,0,0.00073708,0,0,0.0006205,0,0,0,0,0,0.00035529,0,0,0.00177271,0,0,3.45E-05,4.02E-05,0.00363645,0,0,0,0,0,0.00076439,0,0,0,0,0,0,0,0,0,0,0,0,0.00060401,0,0,0,0,0,0,0,0,0,0,0,0,0,0,0,0,0,0,0,0,0,0,0,0,0,0,0,0,0,0,0,0,0,0,0,0,0,0,0,0,0,0,0,0,0,0,0,0,0,0,0.00149491
Sample_5076,0,0.02405643,0,0.00077852,0,0.00306607,0,0.00108939,0,0,0.00291547,0.00264861,0.00288877,0.00243556,0.00074448,0.00222494,0.00128688,0.0013598,0.00041326,0,0.0011552,0.00232483,0.00134557,0.00081252,0,0,0.00037465,0.00144548,0.0028444,0.00222299,0,0.00068181,0,0,0.00034101,0,0,0.00177037,0.00053413,0,0,0.00086233,0.00039403,0.0004722,0.00075658,0.00094282,0,0.00022943,0.00063513,0.00042042,0.00058268,0.00029865,0,0.00034238,0.00034962,0,0.00184503,0.00024331,0.00044559,0.00025301,0.00027831,0.00029889,0,0,0.00020928,0,0.00012529,0,0.00070018,0,0.00147591,0.00272329,0,0.00047432,0.00091408,0.00068211,0.00089644,0,0.00167875,0.00119419,0.0007058,0,0,0.00050477,0,0,0,0.00034076,0.0007079,0.00051136,0,0.00131205,0.00564102,0.00155353,0.0009483,0,0.00053284,0,0,0,0.00262606,0,0.00195183,0,0,0.00077996,0,0.0012105,0,0,0.00398224,0,0,0.0005373,0,0,0,0,0,0,5.34E-05,0,0,0,0.00097251,0,0,0.00125242,0.00101742,0.00107674,0.00081975,0,0,0.00023189,0.00031314,0,0.00026807,0.00018043,0,0,0,0,0,0,0,0,0,0.00048372,0,0,0,0.0001197,0,0,0,0.00076418,0,0,0.00046762,0,0.00089875,0,0,0.00193251,0,0,0,0,0,0,0,0,0,0,0,0,0,0,0,0,0,0,0,0,0,0,0,0,0,0,0,0
Sample_5077,0.00114926,0.01808531,0,0.000333,0,0.00439027,0.00254639,0.00090704,0,0,0.00168281,0.00135447,0.00117544,0.00139544,0,0.00118323,0.00073494,0.00092548,0,0,0.00100646,0.00101681,0,0.00041576,0,0,0.00040005,0.00161177,0.0013368,0.00154568,0,0.00095249,0,0,0,0,0,0.00177047,0.00075564,0,0,0.00118686,0.00055445,0.00026169,0.00148462,0,0,0.00019422,0,0,0.00014093,0.00034281,0,0,0,0,0.00048037,0.00031285,0.00031901,0.00031122,0,0,0,0,0.0001315,0,0.00016971,0.00273213,0.00075515,0,0.00144588,0.00138988,0.00087195,0,0.00106434,0,0.00058712,0,0.00110768,0.00062603,0.00090529,0,0,0,0.00025925,0,0,0,0.02731657,0.00023482,0.00121892,0,0.00315887,0.00045416,0,0.00059012,0,0,0,0,0,0,0.00097621,0,0,0.00085214,0,0.00058834,0,0,0.00043261,0,0,0,0,0,0,0,0,0,3.71E-05,0,0,0,0,0,0.00078196,0,0.00087575,0,0.00056288,0,0,0,0.00024936,0,0,0.00011659,0,0.00107791,0.00053537,0,0,0,0,0,0,0,0,0,0,0,0,0,0,0.00110582,0,0,0.0003341,0,0,0,0,0,0,0,0,0,0.00036383,0,0,0,0,0,0,0,0,0,0,0,0,0,0,0,0,0,0,0,0,0,0,0
Sample_5078,0.00092889,0.01568241,0.00038898,0,0,0.0021048,0.00055348,0.00145365,0,0,0.0015238,0.00140095,0.00151192,0.00165734,0,0.00266729,0,0,0,0,0.00108077,0.00122447,0,0.00062132,0,0,0.00034554,0,0.00205184,0.00153607,0.00112023,0.00074352,0,0,0.00100421,0,0.00078033,0,0,0,0,0.00087968,0,0.00035304,0.00083381,0.00068536,0,0,0,0,0.0002075,0.00031374,0,0,0,0,0.00077134,0.00026359,0.00027701,0.00021388,0,0.00033573,0,0,0.00016926,0,0.00017584,0,0,0,0.0016448,0.00181244,0,0,0.00203261,0,0.00231926,0,0,0.00063077,0.00174606,0,0.00080505,0,0,0,0,0,0.00767587,0.00011915,0.00235486,0,0.00998578,0.00116572,0,0.00086925,0.00046767,0,0,0,0.00189403,0,0.00123635,0.0006816,0.00073221,0,0,0.00122984,0,0,0.00059313,0,0,0,0,0,0,0,0,0,3.84E-05,0.00271864,0,0.00247312,0,0,0.00077144,0.00083857,0.00226889,0,0,0.00062358,0,0,0,0,0.0005018,0,0,0,0.00045558,0,0.00052578,0,0,0,0,0,0,0,0.00092279,0.00019131,0,0,0,0.00076416,0,0,0.00038693,0,0,0,0,0,0,0,0,0,0,0,0,0,0,0,0,0,0,0,0,0.00142728,0,0,0,0,0,0,0,0,0,0,0,0
Sample_5079,0.00127649,0.01152959,0.00036331,0.00334082,0.00052136,0.00321707,0.00147605,0.00258324,0,0,0.00235871,0.00192429,0.0020374,0.00227518,0.00061268,0.00112609,0,0.00123728,0,0.00187671,0,0.00156482,0.00248651,0.00076541,0,0.0005396,0.00066487,0.00273389,0,0.00119206,0.00187012,0.00045827,0,0,0,0.00054688,0,0,0.00057573,0.00112024,0,0,0,0.00031116,0.00061258,0,0,0.0001292,0,0,0.00014197,0,0,0.00021612,0.00025393,0.00037904,0.00145352,0.00032541,0,0,0.00028114,0.00068089,0,0,0.00014415,0,9.78E-05,0.00868528,0,0,0.0014698,0,0,0,0,0,0.00093502,0,0.00107422,0.00148187,0,0,0,0.00127069,0.00082928,0,0,0,0.00115247,0.00021836,0,0,0,0.00047594,0,0.0007406,0.00077674,0,0,0.00111806,0.00120042,0.00151907,0.0012053,0,0.00083714,0.00100376,0.00107241,0,0,0,0,0,0,0.00073343,0.00090388,0.00042226,0,0,0.00045242,0,5.99E-05,0,0.00120459,0,0,0,0,0.00173382,0.00084857,0,0,0,0,0,0,0,0,0,0,0,0,0,0,0,0,0,0,0,0,0,0,0,0,0,0,0,0,0,0,0,0,0,0,0,0,0,0,0,0,0,0,0,0,0,0,0,0,0,0,0,0,0,0,0,0,0,0,0,0,0,0,0
Sample_5080,0.03233019,0.02593188,0,0.0005384,0,0.0113356,0.00719458,0.00084439,0.00126241,0,0.00196777,0.00255445,0.00247109,0.0020315,0,0.00183715,0.00134226,0,0,0,0.00158743,0.00152492,0,0.00071636,0,0.00077464,0.00064746,0,0.0016136,0.00125397,0,0.00238017,0.00154031,0,0,0.00070443,0.00055176,0,0.00086745,0,0.0005891,0,0.00068376,0.00042216,0.00078588,0,0,0.00047022,0.00083051,0.00038667,0.00037465,0.0004092,0,0,0.00025629,0.00061686,0.00038615,0.00023568,0.00042608,0,0,0.00025227,0.00021986,0,0,0.00016423,0.00018879,0,0.00118871,0.00284914,0.00132143,0,0,0,0,0.00091383,0,0,0.00101629,0.00131651,0.0007089,0.00076624,0,0,0,0,0,0,0.0002887,0.00013611,0,0,0.00200339,0,0,0.00087302,0,0,0,0,0,0,0,0,0,0,0,0,0,0,0.00041805,0,0,0,0,0,0,0.00032902,0,6.38E-05,0,0.00294698,0,0,0,0.00120828,0,0,0,0,0,0.00049558,0,0.00026852,0.00086859,0,0,0.00012217,0,0,0,0,0,0.00078088,0,0,0,0,0,0,0.00043676,0.00017447,0,0,0,0,0,0,0,0,0,0,0,0,0,0,0,0,0,0,0,0,0,0,0,0,0,0,0,0,0,0,0,0,0,0,0,0,0,0,0,0
Sample_5081,0.0180976,0.02408067,0.00047327,0,0,0.00394117,0.00117541,0.00095408,0,0,0.00259022,0.00211643,0.0025581,0.00237322,0,0.00236819,0.00116333,0,0.00026748,0,0.0014637,0.00113816,0.0016608,0.00060012,0,0,0,0.00163865,0.00298582,0.00141207,0,0.00083092,0,0,0,0,0.00050417,0,0.00051629,0,0,0,0.00062174,0.00051749,0.0007142,0,0,0.00015384,0,0.00035519,0.00036933,0.00023866,0,0,0,0,0,0.000243,0,0,0,0.00034974,0,0,0.00017833,0,0.00011874,0.0046597,0.0006695,0,0.00212735,0.00125638,0.00073885,0,0.00147892,0,0.0016511,0,0.0009042,0.00148632,0.00091622,0,0,0,0,0,0,0,0.00067413,0.00013672,0.00251055,0,0.00223311,0,0,0,0.00071295,0,0,0,0,0,0.00106961,0,0,0,0,0,0,0,0.00226739,0,0,0.00040888,0,0,0,0,0,0,3.95E-05,0.00303913,0.00146104,0,0,0.00113573,0,0,0,0,0,0.00066016,0,0,0,0.00027317,0,0.0001923,0,0.0022497,0.00079335,0.00079205,0,0,0.00023008,0,0,0,0,0,0,0,0,0,0,0,0,0,0.00034214,0,0,0,0,0,0,0,0,0,0,0,0,0,0,0,0,0,0,0,0,0,0,0,0,0,0,0,0,0,0,0,0,0
Sample_5082,0.00198604,0.02397753,0,0,0,0.01053641,0.00163747,0.00122139,0,0,0.00255347,0.00182486,0.00215617,0.00220863,0,0.00216396,0.00085869,0,0,0,0.00182956,0.00113337,0,0.00069196,0,0.00046605,0,0.00192737,0.00155151,0.00129448,0,0,0.00121538,0,0.00070147,0.00051627,0,0,0.00096148,0,0,0.00174721,0.00105993,0.00043038,0.00066764,0,0,0,0,0.00068395,0.00032677,0.00033896,0,0.000356,0,0,0,0.00041094,0.00037295,0,0,0.000305,0.00019487,0,0.00020857,0,0.00011984,0,0.0019023,0.00213519,0.00128088,0,0.00092627,0,0,0.00067101,0.00277107,0,0,0.00107869,0.0008646,0,0.00168647,0,0.00046499,0.00033558,0,0.00067889,0.00036733,0.00020453,0,0,0.00240875,0,0,0,0.00056329,0,0,0,0,0,0,0,0,0,0,0.0005712,0,0,0.00058611,0,0,0,0,0,0,0,0,0,0,0,0,0,0,0,0,0,0,0,0,0,0,0,0,0.00027795,0.00021711,0.00015676,0,0.00262758,0.00085237,0,0,0,0,0,0,0,0.00049958,0,0,0,0,0,0,0,0,0,0.00045661,0,0,0,0,0,0,0,0,0,0,0,0,0,0,0,0,0,0,0,0,0,0,0,0,0,0,0,0,0,0,0,0,0
Sample_5083,0,0.01687032,0,0,0,0.00208872,0,0.00082929,0,0,0.00200432,0.00163602,0.00255213,0.00140554,0,0.00242804,0,0,0,0,0.00243911,0.00090932,0.00177507,0.00061775,0,0,0,0.00146493,0.00189718,0.00176819,0,0.00092208,0,0,0,0,0,0.00136456,0,0,0,0.00090588,0.00038865,0.00032884,0.00057884,0.00084232,0,0.00015762,0,0.00029263,0.00025498,0.00071269,0,0,0.00027409,0.00062505,0.00065549,0.00017398,0.00039644,0,0,0.00050677,0,0,0.00017881,0,0.00020005,0,0.00165061,0,0.0010898,0.00247288,0.00074779,0,0.00160009,0,0.00155016,0.00114169,0.00115834,0.00091665,0.00094577,0,0.0009403,0,0,0,0,0,0.00085155,0,0,0.00091032,0.0029737,0.00215846,0.00135611,0.00133167,0.00049585,0,0,0,0.00190338,0,0,0,0.00062622,0.00093109,0,0.00125842,0,0,0.00139969,0,0,0,0,0,0,0,0,6.27E-05,4.16E-05,0,0.00130138,0,0.00125264,0.00124065,0,0.00104228,0.00218451,0.00071558,0,0,0,0,0,0,0,0,0,0,0.00088992,0,0.00067043,0.00059958,0.00044321,0,0,0,0,0.00044904,0,0,0,0,0,0.00155338,0,0,0.00045846,0,0,0,0,0,0,0,0,0.00027206,0,0,0,0.00033537,0,0,0,0,0,0,0,0,0,0,0,0,0,0,0,0,0,0,0,0
Sample_5084,0,0.02357191,0,0,0,0.00223558,0,0.00082922,0,0.00115104,0.00171181,0.0012883,0.00117092,0.00136726,0.00057256,0.00411099,0.00068222,0,0,0,0.00056565,0.00064248,0.00151058,0.00051994,0,0,0.00065984,0,0.00241455,0.00220288,0,0.00163461,0,0,0,0.0006912,0.00072895,0,0,0,0,0,0,0.00031416,0.00068897,0.0008536,0,0.00017702,0,0,0,0,0,0,0.00026439,0,0,0.00025368,0.00035417,0.00044977,0,0.00031177,0,0,0.00021767,0.00012221,0.00025056,0,0.00055007,0,0.00140462,0.00247165,0,0.00058589,0.001583,0,0.00293842,0,0.0009935,0,0.00129457,0,0.00094188,0,0,0,0,0,0.00098676,9.14E-05,0,0.00184036,0.00219566,0.00113157,0.00119599,0.00090415,0.00054442,0,0.00200617,0,0.00169591,0,0.0016857,0,0,0.00100165,0,0.0014211,0,0,0.00093863,0,0,0,0,0,0,0,0.00020543,6.71E-05,6.35E-05,0.00217726,0,0,0.00124973,0.00178627,0,0.00084441,0.00151737,0,0.00085248,0,0.00039695,0.00036203,0.00029281,0.00021949,0,0.00014928,0,0,0.00141094,0,0.0008255,0,0,0,0,0.00087451,0,0,0,0,0,0,0,0,0,0,0.00064294,0,0,0,0,0,0,0,0,0.00031956,0,0,0,0,0,0,0,0,0,0,0,0.0012811,0,0,0,0,0,0,0,0,0,0,0.00051734,0
Sample_5085,0.00080969,0.00085388,0,0,0,0.00535857,0,0,0,0.01004974,0.00105878,0,0,0,0,0,0.00139658,0,0,0,0,0,0,0,0,0,0,0,0.00112829,0,0,0.00039608,0.00230279,0,0,0,0,0,0,0,0,0,0,0,0,0,0,0,0,0,0,0,0,0,0,0,0,0,0,0,0,0,0,0,0,0,0,0,0,0,0,0,0.00301568,0,0,0,0.01222552,0.00132499,0,0,0,0,0,0,0,0,0,0,0.00164226,0,0.00307852,0.00394031,0.00072862,0,0,0,0.00072023,0.00345339,0,0,0,0,0.00943689,0,0,0,0,0,0,0,0,0,0,0,0,0,0,0,0,0,0,0,0.00280874,0,0.00128179,0.00193473,0,0,0,0,0,0,0,0,0,0,0,0,0.0024684,0.00617832,0,0,0,0,0.00134118,0,0,0,0,0,0,0,0.000267,0,0,0,0,0,0,0,0.02165509,0,0,0,0,0,0,0,0,0,0,0,0,0.00033874,0,0,0,0,0,0.00372504,0,0,0,0,0,0,0,0,0.00027608,0,0,0
Sample_5086,0.00443319,0.02041888,0.00264783,0,0.00073278,0.00714265,0.0022018,0,0,0,0.00139764,0.00117702,0,0.00192746,0,0.00187243,0,0.00155622,0,0,0.00108456,0.00085269,0,0.0006025,0.00106057,0,0.00034933,0.00144078,0.00190288,0.00200576,0,0.00105442,0,0,0,0.00059384,0.00083721,0,0,0,0,0.00094684,0.00037605,0,0.00056232,0,0,0,0,0.00055276,0,0.00047321,0,0,0,0,0.0004212,0.00042459,0,0.00030918,0,0.00019975,0,0,0.00022784,0.00015042,8.61E-05,0,0,0.00215634,0.00105849,0.00209261,0,0,0.00178961,0,0.00063659,0.00112951,0.00132501,0,0.00085212,0.00107493,0.00063978,0,0,0,0,0,0.00061985,0.00016192,0.00190103,0,0,0.00125441,0,0.00122149,0.00075497,0,0.00169796,0,0.00155186,0,0.00121236,0,0.0007267,0,0,0.00123252,0,0,0.00208318,0,0,0.00027571,0,0,0,0,0,7.56E-05,0,0,0.00123339,0,0,0,0.00125423,0.00102907,0.00132698,0,0.00070591,0.00050517,0,0,0,0.0002698,0,0,0,0,0.00067229,0,0,0,0,0,0,0,0,0.00052846,0.00061783,0,0,0,0,0.00164231,0,0,0,0,0,0,0,0,0,0,0,0,0,0,0,0,0,0,0,0,0,0,0,0,0,0,0,0,0,0,0,0,0,0,0,0
Sample_5087,0.00390005,0.01782667,0.00093577,0,0,0.00788413,0.00535409,0.00087844,0,0,0.00147007,0.00175116,0.00228928,0.00167505,0,0.00337183,0,0,0,0,0.00190989,0.00128897,0,0.00061696,0,0,0,0.0009218,0.00158169,0.00151838,0.00119491,0.0006705,0,0,0,0.00040205,0.00049126,0,0.00087486,0,0,0,0.00100987,0.00034271,0.00066827,0,0,0,0,0.00052081,0.00029376,0.00088689,0,0,0.00027599,0.00051486,0.00034219,0.00023755,0.00046511,0,0,0.00040805,0,0,0.00017148,0.00012462,0.00011763,0,0.00168332,0.002374,0.00148217,0.00290145,0,0,0.00189052,0.00082961,0.00072474,0.00112951,0.00146178,0.00081471,0.00151953,0.0015271,0.00098197,0,0.00075392,0,0,0.00046356,0.00139666,0.00012063,0,0,0.0009304,0.00217538,0,0.0015946,0.00062958,0,0,0,0.00200752,0,0.00122973,0,0.00086636,0,0,0.00096462,0,0,0.00029665,0,0,0,0.00033614,0,0,0,0,7.48E-05,0,0,0.00104709,0,0,0.0012344,0,0.00128075,0.00247385,0,0,0.00044925,0.00047185,0,0,0.00025984,0,0.00019475,0,0,0.00202645,0,0,0,0,0.00139993,0,0,0,0.00055162,0,0,0,0.00038244,0,0,0,0,0,0,0,0,0,0,0,0,0,0,0.00012997,0,0,0,0,0,0,0,0,0,0,0,0,0,0,0,0,0,0,0,0,0,0,0
Sample_5088,0.006785,0.02327288,0.00050384,0,0,0.00818157,0.00445621,0,0,0,0.00351041,0.0021845,0.00232656,0.00324478,0,0.00290037,0.00175947,0,0.00043472,0,0.00171887,0.00144067,0,0.00074082,0.00405584,0.00087295,0,0.0024413,0.00219749,0.00162352,0,0.0009106,0,0,0.00032227,0.0005209,0.00073038,0,0.00066847,0,0.00079487,0,0.00052348,0.00043555,0.00093629,0,0,0.00022066,0.00060775,0.00205801,0.00045269,0.00031848,0,0.00056326,0.00040069,0.00068515,0,0.0002776,0.0004908,0.00031185,0.00028014,0,0,0,0.00028266,0,0.00011523,0.00680194,0.00110642,0,0.00139084,0.0011503,0,0,0.00155742,0,0.0014064,0,0.00166659,0.00129385,0.00069315,0,0.00077024,0,0,0,0.00078914,0,0.00044072,0.00016581,0,0,0.00190244,0,0,0,0,0,0,0,0.00095373,0,0,0,0,0.00057131,0,0.00060997,0,0,0,0,0,0,0,0,0.00018552,0,0.00013421,0,0,0,0,0,0,0,0,0,0,0,0,0.00073537,0,0,0,0.00038729,0,0,0,0.0017443,0.00057604,0.00043792,0,0,0,0,0,0,0,0,0,0,0,0,0,0,0,0,0,0,0,0,0,0,0,0,0.00023633,0.00020923,0,0,0,0,0,0,0,0,0,0,0,0,0,0,0,0,0,0,0,0,0,0,0,0
Sample_5089,0.01548917,0.02358088,0.00034195,0,0,0,0.00317794,0,0,0,0.00151164,0.00157522,0.0024565,0.00174882,0,0.0017895,0,0,0,0,0.00085831,0.00113526,0,0.00069967,0,0,0.0003212,0,0,0.00141183,0.0007901,0,0,0,0,0,0.00049024,0,0.0012526,0,0,0,0.00061849,0.00029264,0.00126154,0,0,0.00019542,0.00067797,0.00027572,0.00022301,0.00103869,0,0,0.00039003,0,0.00058672,0.0002524,0.0004259,0.0003561,0,0.00012657,0.00031152,0,0.00028396,0.00022403,8.49E-05,0.00835265,0.00287523,0,0.00389851,0.00100059,0,0,0.00135818,0.00091661,0,0.00069778,0.00108047,0.00065192,0.0010192,0.00134655,0,0.00050506,0.00194123,0,0,0.00055191,0.00273631,0.00014923,0,0,0.0129382,0,0,0,0.00050797,0,0,0,0.00108254,0,0.0017618,0,0.00135095,0,0,0.00044842,0,0,0.00058422,0,0,0,0,0,0,0,0,7.52E-05,0,0.00282613,0,0,0,0,0,0.00129207,0,0,0,0.00075943,0,0,0.00039907,0.00044113,0,0.00021289,0,0,0.00062142,0,0,0.0005616,0,0.00151735,0,0,0,0.00039387,0,0,0,0.00047237,0,0,0,0,0.00051469,0,0,0,0,0.00076123,0.00145566,0.00073981,0,0.00216366,0,0,0,0,0,0,4.85E-05,0,0,0,0,0,0,0,0,0,0,0,0,0,0,0,0,0
Sample_5090,0.00349934,0.02441896,0,0,0,0.003875,0.00068364,0.00153194,0,0,0.00257251,0.0023196,0.00212799,0.00181047,0,0.00241239,0,0.0011924,0,0,0.00116944,0.00137244,0.00136217,0.00068301,0,0,0.00063043,0.00131634,0,0.001541,0.00073742,0.00091975,0,0,0,0,0.00048463,0.00110567,0,0,0,0,0.00031953,0.00053957,0.00101942,0.00078783,0,0.00020292,0,0.00037677,0.00035928,0,0,0,0.00026486,0,0.00103821,0.00029324,0.00035471,0.00035377,0,0.00035406,0.00026209,0.00021307,0.00027027,0,0.00037195,0.00330641,0,0,0.00068951,0.00134129,0.00097092,0,0.00126123,0,0.00190432,0,0.00126374,0.00162689,0.00110445,0,0.00067865,0,0,0,0,0.0004915,0.00199531,0.00015591,0.00220165,0,0.00849709,0.00091971,0,0.00110968,0.00054266,0,0,0,0.00089568,0,0.00144487,0,0.00078679,0,0,0.00101985,0,0,0,0,0,0,0.00078232,0,0,0,0,6.64E-05,5.90E-05,0.00222056,0.00098659,0,0,0,0,0.00111363,0.0009042,0,0,0.00048356,0,0.00023609,0,0,0,0,0,0,0.00113449,0.00033763,0.00058301,0,0,0,0,0,0,0,0,0,0,0,0,0.0010873,0,0,0,0,0,0,0,0,0,0.00071557,0,0,0,0.00072976,0,0,0,0.00022307,0,0,0,0,0,0,0,0,0,0,0,0,0,0,0,0,0.00061033,0
Sample_5091,0.00587327,0.02804653,0.00047842,0,0,0.00859183,0.00505898,0.00057794,0,0.00064801,0.00208002,0.00106155,0.00191312,0.0017001,0,0.00152722,0.00118502,0,0,0,0.00097005,0.00042551,0,0.00046164,0.0007591,0,0,0,0.00188807,0.00182391,0,0.00114677,0,0,0,0.00049351,0,0.00139429,0,0,0.00038118,0,0.00119092,0,0,0.00091862,0,0.00024628,0.00069671,0.00079408,0,0,0,0,0.00039036,0,0.0003546,0.0003644,0.00034243,0.00038431,0,0.00039522,0,0,0.00015511,0,0.00017351,0.00499906,0.00051427,0,0.00200087,0.00218255,0.00100911,0,0.00120231,0,0.00274666,0,0.00150448,0,0.00123192,0,0.00057516,0,0,0,0,0,0.00077202,0.00012541,0.00173943,0,0.0013052,0.00150811,0,0.00106545,0.00052439,0,0,0,0.00186897,0,0.00133558,0,0,0.00091638,0,0.00122505,0,0,0,0,0,0,0,0,0,0.00047727,0,0,4.27E-05,0.00299973,0.00090665,0,0.00096611,0.00111744,0,0,0.00193346,0,0,0.00054299,0,0,0,0.00022742,0,0,0,0,0.00103174,0,0,0.00075168,0.00026252,0.00100605,0,0.00062137,0,0,0,0,0,0,0,0,0,0,0,0,0,0,0,0,0,0,0,0.00024277,0,0,0,0,0,0,0,0,0,0,0,0.00081861,0,0,0,0,0,0,0,0,0,0,0,0
Sample_5092,0.00351664,0.02274677,0,0,0,0.0059553,0.0047381,0,0,0,0.00292312,0.00172245,0.00226874,0.00184001,0,0.00314476,0.0010171,0.00143237,0.00029685,0,0.00088067,0.00108863,0,0.00057533,0,0,0,0.00089356,0.00231429,0.00154416,0,0.00056069,0.00108242,0,0,0,0.00075505,0,0.00102971,0,0.00046533,0.00076517,0.00097419,0.0002876,0.00092804,0,0,0.0001778,0.00075588,0.00053603,0.00025788,0.00041037,0,0,0.00037174,0.00054688,0.00038679,0.00040232,0.00024688,0.00044269,0,0.00032228,0.00040398,0,0.00014813,0.00016353,0.00010766,0.00550496,0.0006841,0.00253018,0.00122192,0.00174542,0,0,0.00156347,0,0.00166619,0,0.00133204,0.00077435,0.0007582,0.00069531,0,0,0,0,0,0,0.00297587,0.00018971,0,0,0,0.00073934,0,0.00117672,0.00076355,0,0,0,0.00138287,0,0.00149538,0,0,0,0,0.00100185,0,0,0.00159084,0,0,0.0004263,0,0,0,0,0,0.00010497,4.89E-05,0.0032664,0.00123762,0,0,0.00124282,0,0,0.00122742,0,0.00073532,0.00066134,0,0,0,0.00024353,0,0.00022252,0,0,0.00072405,0.00036299,0,0,0,0.00123243,0,0,0,0,0.00050539,0,0,0,0,0,0,0,0.00041082,0.00149439,0,0,0,0,0,0,0,0,0,0,0,0,0,0,0,0,0,0,0,0,0,0,0.00036208,0,0,0,0,0,0,0,0,0
Sample_5093,0.00435797,0.01850277,0,0,0,0.0061785,0.00358851,0,0,0,0.00093031,0.00132522,0.00123722,0.00176674,0,0.00516769,0,0,0,0,0.00116556,0.00080353,0,0.00041563,0,0,0,0.00091902,0,0.00186144,0.00159454,0.00128157,0,0,0,0,0.00069908,0,0.00088172,0,0,0,0.0004578,0.00030743,0.00060399,0,0,0,0,0.0007274,0,0.00030113,0,0,0.00031821,0,0,0.00050181,0.00032237,0.00027087,0,0.00036463,0,0,0.00016554,0,0.00010279,0,0.00078163,0,0,0.001642,0,0.00088786,0.00288477,0,0.00392896,0,0.00156454,0,0.00107107,0,0.00076298,0,0,0,0,0,0.00647307,0.00027372,0.00225583,0,0,0.00114965,0.00131919,0.00082557,0.00100731,0,0,0,0.00193546,0,0.00207591,0,0.00086593,0.00188262,0,0.00120199,0,0.00047667,0,0,0,0,0,0,0,0,0,0,5.11E-05,0,0.00180382,0,0,0.0018603,0,0.00150731,0.0021429,0,0,0.00039352,0.00069357,0,0.00033345,0,0,0,0,0,0.00161784,0,0,0,0,0,0,0,0,0.00054681,0,0,0,0.00024738,0.00077815,0.00141482,0,0,0,0,0.00186047,0,0,0,0.0019626,0,0,0,0,0,0,0,0,0,0,0,0,0,0,0,0,0,0,0,0,0,0,0,0,0,0,0
Sample_5094,0.00242391,0.00882227,0,0,0,0.00180791,0,0,0,0,0.00217478,0.00182384,0.00165585,0.00210995,0,0.00226525,0.00085966,0.00124023,0,0,0.00070732,0.00072653,0.00081425,0.00047228,0,0,0.00031939,0.00125003,0.00108927,0.00233282,0.00134429,0.00103301,0,0,0,0.00039256,0,0,0.00081534,0,0,0.00108449,0,0.0002939,0.00072065,0.00067391,0,0.00025075,0.00080106,0.0016471,0,0.00033314,0,0.0002765,0.00029757,0,0.00043157,0.00049201,0.00050846,0.00038323,0,0.00038331,0,0,0.00018244,0,9.24E-05,0,0,0,0.00167731,0.00228955,0,0,0.00244514,0,0.00177307,0,0.00146758,0,0.00066661,0,0.00098758,0,0,0,0,0.00041594,0.00316457,0.00014023,0.00800068,0,0.00453602,0.00141419,0.00157655,0.00150018,0.00093098,0.00062848,0,0,0.00186531,0,0.00243667,0,0.00136072,0,0,0.00100468,0,0,0.00080107,0,0,0,0.00047807,0,0,0,0,0,5.61E-05,0,0.00169045,0,0.001179,0.0020948,0,0.00132734,0.00148537,0,0,0.00089594,0,0.00025144,0,0,0,0,0,0,0.00109685,0,0.00067282,0,0,0,0,0.00060202,0.00043983,0,0,0,0,0,0,0.00164158,0.00021585,0,0.00040243,0,0,0,0,0,0,0,0,0.00041125,0,0.00049674,0,0.00044065,0,0.00017202,0,0,0,0,0,0.00154465,0,0,0.00043098,0,0,0,0,0,0,0,0,0
Sample_5095,0.00076523,0.02120962,0,0.00041312,0,0.00479289,0,0.00124378,0,0,0.00252238,0.00174173,0.00236792,0.00179673,0,0.00296893,0,0,0,0,0.00150138,0.00067306,0.00112599,0.00075337,0,0,0.00034092,0.00099445,0.00342072,0.00147049,0,0.00090434,0,0,0,0,0,0,0,0,0.00066996,0,0,0.00028444,0.00065133,0.00054387,0,0,0,0.00027035,0.00022816,0.00030077,0,0,0.00028215,0,0.0009288,0.00013887,0.00035946,0.00031769,0,0.00045782,0.00024768,0,0.00018702,0,0.00013404,0,0,0,0.00189692,0.002247,0,0,0.00198334,0,0.00139854,0,0.00123284,0.00099107,0.000988,0,0,0,0,0,0,0,0.00149961,0.00022008,0.00142916,0,0.00384201,0.00134026,0,0.00119793,0.00047306,0,0,0,0.00179264,0,0.00206817,0,0.00080039,0.00103619,0,0.00113903,0,0,0.00731719,0,0,0,0.00039595,0,0,0,0,6.17E-05,0,0,0.0017294,0,0,0,0,0.00088519,0.00199451,0,0.00058972,0.00064662,0,0,0,0.00027452,0,0.00011286,0,0.00107249,0.00072225,0,0,0.00056532,0,0,0,0.00071683,0,0.00047069,0,0,0,0,0,0,0,0,0,0,0.00095015,0,0,0.00222484,0,0,0,0,0,0,0,0,0,0,0,0,0,0,0,0,0,0,0,0,0,0,0,0,0,0,0,0
Sample_5096,0,0.02279179,0,0,0,0.00295961,0,0,0,0.0012415,0.00184042,0.00140429,0.0013527,0.00190772,0,0.00365411,0,0,0,0,0.00081713,0.00065705,0.00180901,0.00058139,0.00073624,0,0.00049862,0.00073166,0.00121333,0.00209486,0,0.00100126,0,0,0.00090016,0,0.00062681,0.00152832,0,0,0.0004157,0,0,0.00042385,0.00070877,0.00093809,0,0.00031055,0,0.00026163,0.00019763,0.00031313,0,0,0.00026107,0,0.00082954,0.00024116,0.00040762,0.0004073,0,0.00022414,0,0,0.00019514,0,0.00024063,0,0.0023214,0,0.0012103,0.00206639,0,0.00101989,0.00143247,0,0.00208394,0,0,0,0.00110857,0,0.00071566,0.00053452,0,0,0,0.00036501,0.00178685,0.00017104,0,0,0.00196834,0.00053236,0,0.00054651,0.00071632,0,0.00274857,0,0.00158668,0,0.00147605,0.00219997,0,0.00067531,0,0.00082611,0,0,0.00101062,0,0,0,0,0,0,0,0,0,5.25E-05,0.00311228,0.00101599,0.00173992,0,0.00100471,0.00082959,0.00112444,0.00101837,0,0,0.00050995,0,0.00028684,0,0,0.00037355,0,0,0,0,0,0.00055275,0.00040401,0.00030089,0,0,0.00062312,0,0,0,0.00015468,0,0,0,0,0,0,0.00047172,0,0,0,0,0,0.00178762,0,0.00026633,0.00018857,0,0,0,0,0,0,0,0,0,0,0,0.00124223,0,0,0,0,0,0,0,0,0,0,0,0
Sample_5097,0.00320955,0.02243777,0,0.00044893,0.0013476,0.0039611,0.00144495,0.00115846,0,0,0.00249593,0.00153754,0.00228793,0.00252554,0,0.0019971,0,0.00185602,0.00057818,0,0.00157326,0.0011615,0.00128293,0.00057975,0,0,0.00033513,0.00216242,0.00165534,0.00224354,0.00079735,0.00114131,0.00120169,0,0.00035438,0,0.00064557,0.00117056,0.00061192,0,0.0005149,0,0.00032748,0.00031552,0.00070061,0,0.00073845,0.00025619,0.00046631,0.00036964,0.00016772,0.00055589,0,0,0.00032857,0.00087121,0.0004701,0.00030622,0.00025149,0.00025228,0,0.00051446,0,0,0.00016715,0,0.00012145,0,0.00108988,0,0.0010149,0.00152023,0,0.0004693,0.00194182,0,0.00156887,0,0.00122226,0.00081865,0.00072318,0,0.00061007,0,0,0,0,0,0.00225006,0.00033113,0,0,0,0,0.00086279,0,0.00066846,0,0.00105993,0,0.00109139,0,0.00189447,0,0,0.00164062,0,0.00060715,0,0,0.00168387,0,0.00063797,0,0,0.0012945,0,0,0,0,5.08E-05,0.00313305,0.0009303,0,0,0,0,0.00109245,0,0,0.00057095,0.00044547,0,0.00028167,0,0.0003277,0.00032831,0,0,0.00099468,0.00100039,0.00032213,0.0005467,0.00047991,0.00094833,0,0,0,0,0,0,0,0,0,0,0.0010461,0,0,0.00045835,0.00129835,0,0,0,0.00069393,0,0,0,0,0,0,0,0,0,0,0,0,0,0,0,0,0,0,0,0,0,0,0,0,0,0,0.00034742,0
Sample_5098,0.00250458,0.01735624,0.00031621,0,0.00087015,0.00362581,0.0014952,0.00104358,0,0,0.00194898,0.00201295,0.00232557,0.00168646,0,0.00125282,0,0.00137783,0.00026286,0,0.00112492,0.00109437,0.00132949,0.00060149,0,0,0.00030713,0.00123127,0.00156968,0.00130019,0,0.00063649,0,0,0,0,0,0.00091104,0.00058494,0,0,0.001063,0.00051323,0.00046867,0.00078731,0.00068967,0,0.00019038,0,0.0003775,0.00034286,0.00029519,0,0,0.00027213,0,0.00038754,0.00038077,0.00039589,0.0004251,0,0.00026678,0,0,0.00015272,0,0.00016067,0,0,0,0.00175401,0.00196327,0.00078652,0.00056704,0.00143257,0,0,0,0.00074322,0.00104568,0.00109613,0,0.00085218,0,0,0,0,0.0004736,0.00105221,0.00020498,0,0,0.00097821,0.001135,0,0.0010609,0.00056796,0,0,0,0.00093656,0,0.00129585,0,0.00084624,0.00148557,0,0.0009889,0,0,0.0005205,0,0,0,0.00039762,0,0,0,0,7.50E-05,0,0,0,0,0,0,0.0014005,0.00086197,0.00177503,0,0.00072449,0.00052195,0,0,0,0,0,0.00020928,0,0,0.00084564,0,0.0006038,0,0.0002367,0,0,0,0,0.00063201,0,0,0,0.00029794,0,0,0,0,0.00050056,0,0,0,0,0,0,0,0,0,0,0,0.0005091,0,0,0,0,0,0,0,0,0,0,0,0,0,0,0,0,0,0,0,0,0
Sample_5099,0.01358095,0.0272128,0,0,0,0,0.00110742,0.00068893,0.00041198,0,0.00183217,0.00148215,0.00137822,0.00157398,0,0.00250853,0.00124396,0,0,0,0.00155253,0.00086076,0,0.00079094,0,0.00043347,0.00037297,0.00155429,0,0.00080718,0,0,0,0,0,0,0.00060294,0.00100232,0.00113433,0,0,0,0.00078385,0.00031486,0.00099872,0,0,0.00056801,0.00077255,0.00032736,0.0001467,0.00049222,0,0,0.00034119,0,0.00047519,0.00025769,0.00044584,0.00028051,0,0.00052827,0.00029856,0,0.00025978,0,0.00022158,0.00631217,0.00105701,0,0.00295667,0.00302733,0.0008871,0,0.00102196,0.00081407,0.00156524,0.00068721,0.00172722,0.00061998,0.00090652,0,0,0,0.00093331,0,0,0,0.0008803,0.00025574,0,0,0.00218472,0.00265914,0,0.00174612,0.00073816,0,0,0,0,0,0.00156803,0,0.00110962,0,0,0.00302061,0,0,0,0,0,0,0,0,0.0002511,0,0.0002822,8.13E-05,7.68E-05,0.00404396,0.00149191,0,0,0,0,0,0.0012758,0.00088652,0.00060424,0.00057199,0,0,0,0.00029887,0,0.0001324,0,0.00316583,0.00111841,0.00041782,0,0.001014,0,0.0012498,0,0,0,0,0,0,0,0,0,0.0009658,0,0,0,0,0,0,0,0,0,0.00069359,0,0.00081908,0,0,0,0,0,0,0,0,0,0,0,0,0,0,0,0,0,0,0,0,0,0,0,0
Sample_5100,0,0.02501552,0,0,0,0.00169469,0,0,0,0,0.00250076,0.00235161,0.00229058,0.00257663,0,0.00282978,0,0,0,0,0.00112678,0.00138537,0,0.00053306,0,0,0,0.00141581,0,0.00164464,0,0.0004589,0,0,0.00060119,0.00126572,0.00100177,0,0,0,0,0.00094716,0,0.00039544,0.00100546,0.00039002,0,0.00024989,0,0.00037163,0,0,0,0,0.00031416,0,0,0.00020969,0.00030048,0.00032419,0,0,0,0,0.00019502,0,0.0002847,0,0.00064056,0,0.00197576,0.00191546,0.00069202,0,0.00173533,0,0,0,0.00079829,0.0006624,0.00120485,0,0,0,0.00023369,0,0,0,0.00901937,0.00016293,0,0,0.00279079,0.00059999,0,0.00079782,0,0,0,0,0.00118779,0,0.00243467,0,0,0,0,0.00110401,0,0,0.00095188,0,0,0.00039682,0.00047966,0,0,0,0,0,5.87E-05,0.00264607,0.00151102,0,0,0,0,0.00099435,0.00167469,0,0,0.00058038,0,0,0,0,0,0.00018857,0,0,0.00072332,0,0,0,0,0,0,0.0007166,0,0,0,0,0,0,0,0,0,0,0.00038021,0,0,0,0,0,0,0,0,0,0.00047735,0,0,0,0,0,0,0,0,0,0,0,0,0,0,0,0,0,0,0.00106248,0,0,0,0.00081064